{"stats":{"minecraft:used":{"minecraft:oak_fence":1,"minecraft:poppy":3,"minecraft:chest":2,"minecraft:shield":12,"minecraft:iron_sword":121,"minecraft:cooked_chicken":1,"minecraft:mossy_stone_brick_slab":2,"minecraft:oak_door":1,"minecraft:torch":151,"minecraft:dirt":5,"minecraft:mutton":4,"minecraft:granite":6,"minecraft:stone_brick_slab":3,"minecraft:wooden_axe":2,"minecraft:iron_axe":28,"minecraft:birch_sapling":2,"minecraft:furnace":4,"minecraft:egg":1,"minecraft:cooked_beef":9,"minecraft:pointed_dripstone":1,"minecraft:diorite":56,"minecraft:stone_pickaxe":421,"minecraft:birch_boat":2,"minecraft:wooden_pickaxe":13,"minecraft:white_wool":1,"minecraft:crafting_table":3,"minecraft:white_bed":7,"minecraft:oxeye_daisy":1,"minecraft:bread":5,"minecraft:iron_pickaxe":134,"minecraft:gravel":33,"minecraft:stone_axe":131,"minecraft:cobblestone":104,"minecraft:white_banner":1,"minecraft:cooked_porkchop":1,"minecraft:porkchop":1,"minecraft:birch_log":2},"minecraft:broken":{"minecraft:stone_pickaxe":3,"minecraft:stone_axe":1},"minecraft:mined":{"minecraft:diamond_ore":2,"minecraft:tuff":4,"minecraft:yellow_wall_banner":1,"minecraft:white_bed":4,"minecraft:granite":17,"minecraft:grass_block":4,"minecraft:redstone_ore":1,"minecraft:furnace":3,"minecraft:fire":2,"minecraft:iron_ore":59,"minecraft:andesite":2,"minecraft:pointed_dripstone":1,"minecraft:deepslate_iron_ore":19,"minecraft:white_banner":1,"minecraft:stone":189,"minecraft:player_head":1,"minecraft:white_wool":1,"minecraft:cake":1,"minecraft:smithing_table":1,"minecraft:crafting_table":4,"minecraft:torch":15,"minecraft:blast_furnace":4,"minecraft:chest":1,"minecraft:sculk_sensor":1,"minecraft:cobblestone":27,"minecraft:copper_ore":13,"minecraft:sugar_cane":2,"minecraft:oak_planks":1,"minecraft:damaged_anvil":1,"minecraft:diorite":27,"minecraft:wall_torch":13,"minecraft:birch_log":38,"minecraft:birch_leaves":5,"minecraft:grass":13,"minecraft:coal_ore":153,"minecraft:loom":1,"minecraft:gravel":36,"minecraft:dripstone_block":2,"minecraft:dirt":4,"minecraft:gold_ore":13,"minecraft:oak_leaves":2,"minecraft:deepslate":8},"minecraft:picked_up":{"minecraft:crafting_table":7,"minecraft:iron_chestplate":7,"minecraft:chicken":8,"minecraft:chest_minecart":1,"minecraft:smithing_table":3,"minecraft:lead":7,"minecraft:shield":9,"minecraft:raw_copper":62,"minecraft:iron_axe":4,"minecraft:iron_leggings":11,"minecraft:armor_stand":5,"minecraft:cyan_carpet":4,"minecraft:beetroot":14,"minecraft:activator_rail":3,"minecraft:cobbled_deepslate":16,"minecraft:beef":7,"minecraft:spruce_slab":2,"minecraft:iron_pickaxe":6,"minecraft:poppy":1,"minecraft:light_gray_wool":1,"minecraft:sugar_cane":3,"minecraft:chest":2,"minecraft:birch_sapling":2,"minecraft:iron_boots":4,"minecraft:egg":5,"minecraft:furnace":1,"minecraft:raw_iron":126,"minecraft:stick":200,"minecraft:oak_fence":1,"minecraft:torch":214,"minecraft:porkchop":14,"minecraft:cake":8,"minecraft:pointed_dripstone":2,"minecraft:diorite":88,"minecraft:redstone":4,"minecraft:stone_pressure_plate":1,"minecraft:yellow_banner":1,"minecraft:stone_sword":1,"minecraft:arrow":97,"minecraft:rotten_flesh":8,"minecraft:pumpkin_pie":2,"minecraft:hay_block":45,"minecraft:stripped_dark_oak_wood":4,"minecraft:mutton":9,"minecraft:cobblestone":563,"minecraft:white_wool":13,"minecraft:rail":8,"minecraft:oxeye_daisy":1,"minecraft:birch_log":38,"minecraft:leather_chestplate":5,"minecraft:cooked_beef":16,"minecraft:birch_slab":24,"minecraft:andesite":4,"minecraft:leather":3,"minecraft:mushroom_stew":3,"minecraft:birch_planks":104,"minecraft:flint":1,"minecraft:tuff":8,"minecraft:dirt":75,"minecraft:white_banner":2,"minecraft:cooked_mutton":15,"minecraft:bone":44,"minecraft:wheat_seeds":3,"minecraft:raw_gold":15,"minecraft:iron_ingot":207,"minecraft:stone_pickaxe":3,"minecraft:cooked_chicken":16,"minecraft:iron_sword":13,"minecraft:oak_planks":38,"minecraft:book":3,"minecraft:cooked_porkchop":3,"minecraft:birch_boat":2,"minecraft:stone_brick_slab":3,"minecraft:dandelion":1,"minecraft:dripstone_block":2,"minecraft:gravel":33,"minecraft:amethyst_shard":10,"minecraft:blast_furnace":15,"minecraft:loom":2,"minecraft:white_bed":5,"minecraft:grass_block":1,"minecraft:mossy_stone_brick_slab":2,"minecraft:spider_eye":2,"minecraft:diamond":2,"minecraft:stone_axe":1,"minecraft:iron_helmet":10,"minecraft:granite":13,"minecraft:spruce_sign":2,"minecraft:bread":77,"minecraft:emerald":7,"minecraft:black_wool":10,"minecraft:damaged_anvil":4,"minecraft:coal":177,"minecraft:ender_pearl":1},"minecraft:crafted":{"minecraft:oak_door":3,"minecraft:birch_boat":1,"minecraft:cooked_chicken":8,"minecraft:birch_slab":24,"minecraft:furnace":3,"minecraft:cooked_mutton":7,"minecraft:iron_axe":1,"minecraft:stone_pickaxe":4,"minecraft:chest":1,"minecraft:cooked_beef":8,"minecraft:cooked_porkchop":18,"minecraft:crafting_table":1,"minecraft:wooden_pickaxe":1,"minecraft:iron_sword":1,"minecraft:birch_planks":100,"minecraft:stone_axe":2,"minecraft:air":0,"minecraft:iron_chestplate":1,"minecraft:shield":2,"minecraft:stick":92,"minecraft:iron_ingot":45,"minecraft:wooden_axe":1,"minecraft:white_bed":2,"minecraft:torch":156},"minecraft:killed":{"minecraft:witch":1,"minecraft:skeleton":14,"minecraft:pig":5,"minecraft:sheep":7,"minecraft:pillager":1,"minecraft:zombie":4,"minecraft:cow":4,"minecraft:enderman":1},"minecraft:dropped":{"minecraft:birch_planks":40,"minecraft:crafting_table":2,"minecraft:dripstone_block":2,"minecraft:iron_helmet":1,"minecraft:oak_fence":1,"minecraft:cobblestone":32,"minecraft:activator_rail":3,"minecraft:rail":8,"minecraft:coal":26,"minecraft:birch_slab":24,"minecraft:dirt":65,"minecraft:diorite":6,"minecraft:birch_log":11,"minecraft:bone":9,"minecraft:cooked_chicken":8,"minecraft:stone_sword":1,"minecraft:cobbled_deepslate":16,"minecraft:tuff":8,"minecraft:rotten_flesh":2,"minecraft:oak_planks":6,"minecraft:cooked_mutton":2,"minecraft:iron_chestplate":2,"minecraft:andesite":4},"minecraft:custom":{"minecraft:mob_kills":37,"minecraft:interact_with_crafting_table":17,"minecraft:open_barrel":1,"minecraft:leave_game":3,"minecraft:time_since_death":1909,"minecraft:climb_one_cm":1039,"minecraft:sprint_one_cm":289730,"minecraft:walk_one_cm":515483,"minecraft:damage_blocked_by_shield":640,"minecraft:drop":33,"minecraft:talked_to_villager":1,"minecraft:play_time":183537,"minecraft:deaths":9,"minecraft:sneak_time":8366,"minecraft:walk_under_water_one_cm":36073,"minecraft:boat_one_cm":14739,"minecraft:jump":1430,"minecraft:interact_with_blast_furnace":3,"minecraft:walk_on_water_one_cm":26721,"minecraft:total_world_time":183537,"minecraft:interact_with_furnace":44,"minecraft:sleep_in_bed":3,"minecraft:time_since_rest":1981,"minecraft:damage_taken":3531,"minecraft:damage_dealt":6055,"minecraft:swim_one_cm":30059,"minecraft:fly_one_cm":46966,"minecraft:open_chest":36,"minecraft:crouch_one_cm":14336,"minecraft:fall_one_cm":22018},"minecraft:killed_by":{"minecraft:enderman":1,"minecraft:skeleton":8}},"DataVersion":3465}