{"stats":{"minecraft:mined":{"minecraft:dark_oak_planks":21,"minecraft:spruce_planks":38,"minecraft:white_bed":14,"minecraft:jungle_slab":7,"minecraft:jungle_leaves":24,"minecraft:red_nether_bricks":13,"minecraft:orange_wool":6,"minecraft:granite":88,"minecraft:grass_block":42,"minecraft:mangrove_fence":1,"minecraft:jungle_log":13,"minecraft:blue_wool":1,"minecraft:spawner":9,"minecraft:mossy_cobblestone_stairs":1,"minecraft:dark_oak_trapdoor":1,"minecraft:fire":15,"minecraft:iron_ore":171,"minecraft:cobbled_deepslate":20,"minecraft:pumpkin":2,"minecraft:fletching_table":1,"minecraft:dark_oak_stairs":2,"minecraft:pointed_dripstone":18,"minecraft:dirt_path":1,"minecraft:oak_stairs":1,"minecraft:iron_block":2,"minecraft:stripped_mangrove_wood":4,"minecraft:spruce_slab":1,"minecraft:cut_sandstone":1,"minecraft:jungle_door":1,"minecraft:kelp_plant":2,"minecraft:smoker":1,"minecraft:orange_terracotta":2,"minecraft:clay":4,"minecraft:torch":17,"minecraft:jungle_stairs":2,"minecraft:blast_furnace":17,"minecraft:calcite":25,"minecraft:melon":1,"minecraft:cobblestone":75,"minecraft:sugar_cane":4,"minecraft:oak_planks":64,"minecraft:wall_torch":36,"minecraft:stone_stairs":2,"minecraft:blue_terracotta":1,"minecraft:dark_oak_slab":1,"minecraft:birch_log":36,"minecraft:wheat":11,"minecraft:birch_trapdoor":1,"minecraft:lilac":3,"minecraft:jukebox":1,"minecraft:birch_door":4,"minecraft:stripped_oak_wood":1,"minecraft:grass":112,"minecraft:oak_log":282,"minecraft:beetroots":1,"minecraft:sand":152,"minecraft:dirt":165,"minecraft:tripwire_hook":5,"minecraft:oak_leaves":291,"minecraft:deepslate":22,"minecraft:dark_oak_log":12,"minecraft:glow_lichen":1,"minecraft:spruce_fence":1,"minecraft:jungle_planks":2,"minecraft:mangrove_trapdoor":2,"minecraft:spruce_leaves":68,"minecraft:cartography_table":1,"minecraft:moss_block":11,"minecraft:sandstone":278,"minecraft:large_fern":1,"minecraft:hay_block":56,"minecraft:spore_blossom":1,"minecraft:oxidized_cut_copper":1,"minecraft:redstone_ore":1,"minecraft:waxed_oxidized_cut_copper":36,"minecraft:carrots":6,"minecraft:suspicious_sand":1,"minecraft:andesite":96,"minecraft:stripped_spruce_log":2,"minecraft:gold_block":1,"minecraft:polished_deepslate":1,"minecraft:potatoes":7,"minecraft:deepslate_iron_ore":4,"minecraft:vine":6,"minecraft:lantern":3,"minecraft:stripped_jungle_log":2,"minecraft:stripped_oak_log":28,"minecraft:smooth_quartz_stairs":8,"minecraft:bamboo":32,"minecraft:stone":640,"minecraft:oak_slab":3,"minecraft:acacia_leaves":79,"minecraft:stone_brick_slab":1,"minecraft:spruce_door":1,"minecraft:smooth_sandstone":8,"minecraft:oak_fence":17,"minecraft:crafting_table":12,"morevillagers:oceanography_table":1,"minecraft:rose_bush":1,"minecraft:tall_grass":30,"minecraft:copper_ore":20,"minecraft:deepslate_gold_ore":7,"minecraft:deepslate_coal_ore":2,"minecraft:lapis_ore":3,"minecraft:diorite":107,"minecraft:spruce_stairs":54,"minecraft:birch_planks":21,"minecraft:cactus":3,"minecraft:spruce_log":156,"minecraft:birch_leaves":22,"minecraft:red_wall_banner":1,"minecraft:white_wall_banner":1,"minecraft:mangrove_slab":1,"minecraft:coal_ore":354,"minecraft:dripstone_block":12,"minecraft:gravel":20,"minecraft:cyan_carpet":5,"minecraft:gray_carpet":2,"minecraft:cobweb":148,"minecraft:gold_ore":8,"minecraft:fern":2},"minecraft:dropped":{"minecraft:iron_sword":3,"minecraft:dark_oak_stairs":1,"minecraft:stripped_mangrove_wood":4,"minecraft:diamond_axe":2,"minecraft:baked_potato":64,"minecraft:golden_pickaxe":1,"minecraft:leather":12,"minecraft:emerald":20,"minecraft:dirt":2,"minecraft:dark_oak_trapdoor":1,"minecraft:sand":1,"minecraft:iron_pickaxe":2,"minecraft:mangrove_slab":1,"minecraft:cyan_carpet":2,"minecraft:rotten_flesh":63,"minecraft:oak_planks":190,"minecraft:white_bed":1,"minecraft:mangrove_fence":1,"minecraft:birch_trapdoor":1,"minecraft:beetroot_seeds":3,"minecraft:birch_door":1,"minecraft:spruce_slab":1,"minecraft:red_nether_bricks":4,"minecraft:arrow":7,"usefulbackpacks:backpack_medium":1,"minecraft:oak_slab":2,"minecraft:wheat_seeds":35,"minecraft:golden_helmet":1,"minecraft:lilac":2,"minecraft:smooth_quartz_stairs":8,"minecraft:oxidized_cut_copper":1,"minecraft:oak_fence":1,"minecraft:iron_helmet":1,"minecraft:feather":2,"minecraft:cobblestone":60,"minecraft:apple":18,"minecraft:spruce_stairs":1,"minecraft:golden_apple":53,"minecraft:diorite":9,"minecraft:wooden_axe":2,"minecraft:iron_leggings":2,"minecraft:oak_stairs":1,"minecraft:white_banner":2,"minecraft:mossy_cobblestone_stairs":1,"minecraft:bucket":1,"minecraft:gray_carpet":4,"minecraft:stone_brick_slab":1,"minecraft:polished_deepslate":1,"minecraft:stone_sword":1,"minecraft:iron_boots":2,"minecraft:totem_of_undying":4,"minecraft:filled_map":2,"minecraft:iron_chestplate":1,"minecraft:andesite":1,"minecraft:waxed_oxidized_cut_copper":34,"minecraft:bamboo":14,"minecraft:sandstone":2,"minecraft:bow":2,"minecraft:stone_pickaxe":1,"minecraft:calcite":10},"minecraft:used":{"minecraft:iron_shovel":59,"minecraft:chest":3,"minecraft:shield":71,"minecraft:iron_sword":680,"minecraft:jungle_planks":4,"minecraft:milk_bucket":1,"minecraft:birch_sapling":2,"minecraft:bow":118,"minecraft:furnace":7,"minecraft:oak_sapling":42,"minecraft:egg":1,"minecraft:potato":26,"minecraft:diorite":6,"minecraft:gray_carpet":4,"minecraft:stone_pickaxe":918,"minecraft:oak_planks":519,"minecraft:wooden_pickaxe":20,"minecraft:sandstone":22,"minecraft:diamond_axe":1326,"minecraft:golden_apple":1,"minecraft:blast_furnace":8,"minecraft:dripstone_block":2,"minecraft:birch_fence":49,"minecraft:bread":80,"minecraft:cyan_carpet":2,"minecraft:spore_blossom":1,"minecraft:gravel":7,"minecraft:dark_oak_fence":10,"minecraft:andesite":9,"minecraft:experience_bottle":4,"minecraft:oak_fence":46,"minecraft:stone_sword":398,"minecraft:stone_shovel":45,"minecraft:spruce_planks":170,"minecraft:torch":542,"minecraft:dirt":180,"minecraft:spyglass":2,"minecraft:spruce_stairs":300,"minecraft:golden_shovel":32,"minecraft:granite":16,"minecraft:spruce_fence":12,"minecraft:oak_fence_gate":1,"minecraft:birch_door":6,"minecraft:wooden_axe":40,"minecraft:dark_oak_planks":14,"minecraft:bookshelf":2,"minecraft:beef":3,"minecraft:cooked_beef":16,"minecraft:calcite":5,"minecraft:cooked_mutton":3,"minecraft:birch_planks":21,"minecraft:baked_potato":34,"minecraft:red_nether_bricks":11,"minecraft:waxed_oxidized_cut_copper":3,"minecraft:birch_boat":3,"minecraft:fletching_table":3,"minecraft:stonecutter":1,"minecraft:oak_slab":12,"minecraft:crafting_table":18,"minecraft:dark_oak_fence_gate":2,"minecraft:white_bed":13,"minecraft:smoker":3,"minecraft:spruce_log":9,"minecraft:iron_pickaxe":1215,"minecraft:spruce_sapling":5,"minecraft:stone_axe":128,"minecraft:cobblestone":425,"minecraft:white_banner":2,"minecraft:cooked_porkchop":5},"minecraft:custom":{"minecraft:animals_bred":20,"minecraft:interact_with_crafting_table":102,"minecraft:open_barrel":71,"minecraft:leave_game":4,"minecraft:time_since_death":50023,"minecraft:sprint_one_cm":1346420,"minecraft:damage_blocked_by_shield":2760,"minecraft:drop":116,"minecraft:talked_to_villager":65,"minecraft:play_time":670995,"minecraft:deaths":33,"minecraft:jump":4304,"minecraft:interact_with_brewingstand":3,"minecraft:walk_on_water_one_cm":41138,"minecraft:interact_with_furnace":100,"minecraft:traded_with_villager":61,"minecraft:interact_with_cartography_table":1,"minecraft:sleep_in_bed":35,"minecraft:damage_dealt":36106,"minecraft:player_kills":2,"minecraft:crouch_one_cm":99551,"minecraft:interact_with_smoker":39,"minecraft:horse_one_cm":618276,"minecraft:interact_with_anvil":1,"minecraft:mob_kills":239,"minecraft:climb_one_cm":4490,"minecraft:walk_one_cm":1695119,"minecraft:raid_win":1,"minecraft:sneak_time":50986,"minecraft:walk_under_water_one_cm":36817,"minecraft:boat_one_cm":417373,"minecraft:interact_with_blast_furnace":111,"minecraft:total_world_time":670995,"minecraft:interact_with_grindstone":1,"minecraft:interact_with_stonecutter":3,"minecraft:time_since_rest":13044,"minecraft:damage_taken":15572,"minecraft:damage_absorbed":40,"minecraft:swim_one_cm":44168,"minecraft:fly_one_cm":726157,"minecraft:open_chest":194,"minecraft:fall_one_cm":89349},"minecraft:crafted":{"minecraft:oak_planks":1204,"minecraft:birch_boat":2,"minecraft:bookshelf":2,"minecraft:cooked_mutton":54,"minecraft:bow":1,"minecraft:iron_boots":3,"minecraft:chest":3,"minecraft:birch_door":3,"minecraft:oak_fence":30,"minecraft:smoker":2,"minecraft:oak_slab":12,"minecraft:arrow":384,"minecraft:emerald":36,"minecraft:cooked_porkchop":54,"minecraft:crafting_table":6,"minecraft:spruce_planks":582,"minecraft:baked_potato":151,"minecraft:wooden_pickaxe":1,"minecraft:iron_helmet":3,"minecraft:birch_planks":144,"minecraft:iron_chestplate":4,"minecraft:shield":3,"minecraft:stick":1400,"minecraft:birch_fence":66,"minecraft:iron_ingot":167,"minecraft:iron_pickaxe":5,"minecraft:stone_sword":6,"minecraft:gold_ingot":342,"minecraft:dark_oak_fence_gate":2,"minecraft:shears":2,"minecraft:stone_shovel":1,"minecraft:furnace":9,"minecraft:spruce_fence":15,"minecraft:dark_oak_fence":21,"minecraft:spruce_stairs":252,"minecraft:iron_axe":2,"minecraft:stone_pickaxe":9,"minecraft:filled_map":1,"minecraft:dark_oak_planks":56,"minecraft:wheat":90,"minecraft:cooked_beef":109,"minecraft:iron_sword":4,"minecraft:golden_shovel":1,"minecraft:bucket":2,"minecraft:stone_axe":3,"minecraft:jungle_planks":16,"minecraft:bread":12,"minecraft:air":0,"minecraft:oak_fence_gate":1,"minecraft:golden_apple":49,"minecraft:wooden_axe":2,"minecraft:iron_shovel":1,"minecraft:iron_leggings":4,"minecraft:torch":376},"minecraft:broken":{"minecraft:iron_boots":1,"minecraft:golden_shovel":1,"minecraft:stone_pickaxe":6,"minecraft:iron_sword":3,"minecraft:stone_sword":2,"minecraft:shield":1,"minecraft:iron_pickaxe":4,"minecraft:iron_helmet":1},"minecraft:killed":{"minecraft:cave_spider":55,"minecraft:witch":5,"minecraft:spider":6,"minecraft:cod":2,"minecraft:skeleton":18,"minecraft:chicken":2,"minecraft:pig":1,"minecraft:creeper":8,"minecraft:sheep":4,"minecraft:pillager":32,"minecraft:zombie":27,"minecraft:glow_squid":1,"minecraft:cow":14,"minecraft:evoker":5,"minecraft:vex":8,"minecraft:vindicator":11,"minecraft:slime":3,"minecraft:husk":27,"minecraft:ravager":2},"minecraft:picked_up":{"minecraft:birch_door":4,"minecraft:wheat":10,"minecraft:oak_stairs":1,"minecraft:potion":1,"minecraft:polished_deepslate_wall":1,"minecraft:polished_deepslate":1,"minecraft:string":201,"minecraft:dark_oak_trapdoor":1,"minecraft:raw_copper":79,"minecraft:red_nether_bricks":15,"minecraft:iron_leggings":1,"minecraft:beetroot":1,"minecraft:cobbled_deepslate":36,"minecraft:spruce_planks":32,"minecraft:rose_bush":1,"minecraft:calcite":22,"minecraft:iron_pickaxe":2,"minecraft:melon_slice":6,"minecraft:smooth_quartz_stairs":8,"minecraft:iron_boots":1,"minecraft:blue_wool":1,"minecraft:stick":43,"minecraft:jungle_door":1,"minecraft:birch_trapdoor":1,"minecraft:acacia_log":1,"minecraft:oak_fence":17,"minecraft:torch":192,"minecraft:spruce_stairs":51,"minecraft:porkchop":1,"minecraft:pointed_dripstone":24,"minecraft:diorite":113,"minecraft:cactus":8,"minecraft:rotten_flesh":24,"minecraft:iron_block":2,"minecraft:cobblestone":768,"minecraft:birch_log":36,"minecraft:feather":2,"minecraft:lilac":4,"minecraft:jungle_log":7,"minecraft:andesite":95,"minecraft:brown_wool":1,"minecraft:potato":25,"minecraft:smoker":1,"minecraft:dirt":229,"minecraft:lapis_lazuli":20,"minecraft:mangrove_slab":1,"minecraft:lantern":3,"minecraft:mangrove_fence":1,"minecraft:bone":14,"morevillagers:oceanography_table":1,"minecraft:stonecutter":1,"minecraft:bow":1,"minecraft:wheat_seeds":40,"minecraft:raw_gold":15,"minecraft:bell":1,"minecraft:bamboo":310,"minecraft:fletching_table":3,"minecraft:glowstone_dust":1,"minecraft:moss_block":11,"minecraft:oak_planks":229,"minecraft:jungle_planks":2,"minecraft:sand":142,"minecraft:stripped_spruce_log":2,"minecraft:jungle_slab":2,"minecraft:dark_oak_log":14,"minecraft:orange_wool":6,"minecraft:blue_terracotta":1,"minecraft:sugar":3,"minecraft:crossbow":1,"minecraft:granite":85,"minecraft:golden_apple":31,"minecraft:bread":3,"minecraft:emerald":30,"minecraft:oak_sapling":38,"minecraft:charcoal":2,"minecraft:waxed_oxidized_cut_copper":57,"minecraft:crafting_table":12,"minecraft:chicken":2,"minecraft:clay_ball":16,"minecraft:brown_mushroom":1,"minecraft:gold_block":1,"usefulbackpacks:backpack_medium":1,"minecraft:cyan_carpet":5,"minecraft:beef":26,"minecraft:player_head":1,"minecraft:spruce_slab":1,"minecraft:sugar_cane":8,"minecraft:birch_sapling":4,"minecraft:egg":5,"minecraft:sandstone":277,"minecraft:stripped_mangrove_wood":4,"minecraft:raw_iron":178,"minecraft:spruce_fence":1,"minecraft:carrot":19,"minecraft:redstone":7,"minecraft:mangrove_trapdoor":2,"minecraft:dark_oak_planks":43,"minecraft:arrow":47,"minecraft:beetroot_seeds":3,"minecraft:hay_block":55,"minecraft:saddle":2,"minecraft:totem_of_undying":5,"minecraft:mutton":4,"minecraft:white_wool":19,"minecraft:stripped_oak_log":28,"minecraft:glow_ink_sac":7,"minecraft:tripwire_hook":5,"minecraft:cut_sandstone":1,"minecraft:leather":16,"minecraft:filled_map":1,"minecraft:birch_planks":21,"minecraft:oak_log":281,"minecraft:gunpowder":3,"minecraft:white_banner":6,"minecraft:orange_terracotta":2,"minecraft:smooth_sandstone":7,"minecraft:apple":3,"minecraft:gray_carpet":8,"minecraft:kelp":8,"minecraft:spore_blossom":3,"minecraft:stone_pickaxe":1,"minecraft:iron_ingot":1,"minecraft:stripped_oak_wood":1,"minecraft:glass_bottle":2,"minecraft:acacia_sapling":1,"minecraft:iron_sword":3,"minecraft:oxidized_cut_copper":1,"minecraft:dark_oak_stairs":1,"minecraft:oak_slab":2,"minecraft:milk_bucket":1,"minecraft:birch_boat":2,"minecraft:pumpkin":2,"minecraft:sweet_berries":1,"minecraft:stone_brick_slab":1,"minecraft:quartz":1,"minecraft:spyglass":1,"minecraft:dripstone_block":17,"minecraft:gravel":25,"minecraft:red_banner":1,"minecraft:blast_furnace":16,"minecraft:spruce_sapling":6,"minecraft:white_bed":15,"minecraft:spruce_log":153,"usefulbackpacks:backpack_large":3,"minecraft:spruce_door":1,"minecraft:spider_eye":20,"minecraft:slime_ball":3,"minecraft:scute":3,"minecraft:diamond_axe":3,"minecraft:mossy_cobblestone_stairs":1,"minecraft:baked_potato":1,"minecraft:coal":359},"minecraft:killed_by":{"minecraft:vindicator":16,"minecraft:cave_spider":6,"minecraft:witch":3,"minecraft:vex":3,"minecraft:husk":4,"minecraft:skeleton":1}},"DataVersion":3465}