{"stats":{"minecraft:broken":{"minecraft:iron_shovel":1,"minecraft:iron_boots":1,"minecraft:golden_shovel":1,"minecraft:stone_pickaxe":6,"minecraft:iron_sword":3,"minecraft:stone_shovel":1,"minecraft:stone_sword":2,"minecraft:shield":1,"minecraft:diamond_axe":1,"minecraft:iron_pickaxe":7,"minecraft:iron_helmet":1},"minecraft:picked_up":{"minecraft:birch_door":4,"minecraft:wheat":10,"minecraft:lead":2,"minecraft:oak_stairs":1,"minecraft:potion":1,"minecraft:polished_deepslate_wall":1,"minecraft:polished_deepslate":1,"minecraft:string":300,"minecraft:dark_oak_trapdoor":1,"minecraft:raw_copper":79,"minecraft:red_nether_bricks":15,"minecraft:iron_leggings":1,"minecraft:beetroot":1,"minecraft:cobbled_deepslate":164,"minecraft:spruce_planks":32,"minecraft:rose_bush":1,"minecraft:cobblestone_slab":23,"minecraft:calcite":22,"minecraft:iron_pickaxe":2,"minecraft:melon_slice":6,"minecraft:furnace":1,"minecraft:smooth_quartz_stairs":8,"minecraft:iron_boots":1,"minecraft:blue_wool":1,"minecraft:stick":85,"minecraft:jungle_door":1,"minecraft:birch_trapdoor":1,"minecraft:oak_fence":17,"minecraft:torch":233,"minecraft:acacia_log":1,"minecraft:spruce_stairs":51,"minecraft:porkchop":1,"minecraft:pointed_dripstone":24,"minecraft:diorite":127,"minecraft:cactus":8,"minecraft:rotten_flesh":28,"minecraft:iron_block":2,"minecraft:obsidian":3,"minecraft:cobblestone":1574,"minecraft:birch_log":36,"minecraft:feather":2,"minecraft:lilac":4,"minecraft:repeater":2,"minecraft:water_bucket":7,"minecraft:andesite":97,"minecraft:jungle_log":7,"minecraft:brown_wool":1,"minecraft:smoker":1,"minecraft:potato":25,"minecraft:lapis_lazuli":73,"minecraft:mangrove_slab":1,"minecraft:dirt":555,"minecraft:lantern":3,"minecraft:mangrove_fence":1,"minecraft:bone":14,"morevillagers:oceanography_table":1,"minecraft:acacia_planks":48,"minecraft:stonecutter":1,"minecraft:bow":1,"minecraft:wheat_seeds":45,"minecraft:raw_gold":15,"minecraft:cobbled_deepslate_slab":2,"minecraft:bell":1,"minecraft:fletching_table":3,"minecraft:glowstone_dust":1,"minecraft:bamboo":310,"minecraft:moss_block":11,"minecraft:oak_planks":230,"minecraft:jungle_planks":2,"minecraft:sand":142,"minecraft:stripped_spruce_log":2,"minecraft:granite_slab":6,"minecraft:jungle_slab":3,"minecraft:dark_oak_log":14,"minecraft:orange_wool":6,"minecraft:blue_terracotta":1,"minecraft:sugar":3,"minecraft:crossbow":1,"minecraft:granite":85,"minecraft:golden_apple":31,"minecraft:emerald":30,"minecraft:bread":3,"minecraft:andesite_slab":50,"minecraft:oak_sapling":39,"minecraft:netherrack":56,"minecraft:crimson_roots":3,"minecraft:diamond_pickaxe":1,"minecraft:charcoal":2,"minecraft:waxed_oxidized_cut_copper":57,"minecraft:crafting_table":24,"minecraft:sandstone_slab":436,"minecraft:chicken":2,"minecraft:clay_ball":16,"minecraft:brown_mushroom":1,"minecraft:diorite_slab":82,"minecraft:gold_block":1,"usefulbackpacks:backpack_medium":1,"minecraft:cyan_carpet":5,"minecraft:beef":26,"minecraft:player_head":1,"minecraft:observer":6,"minecraft:spruce_slab":1,"minecraft:sugar_cane":8,"minecraft:birch_sapling":4,"minecraft:egg":5,"minecraft:stripped_mangrove_wood":4,"minecraft:raw_iron":187,"minecraft:sandstone":413,"minecraft:spruce_fence":1,"minecraft:carrot":19,"minecraft:redstone":54,"minecraft:mangrove_trapdoor":2,"minecraft:dark_oak_planks":59,"minecraft:arrow":47,"minecraft:beetroot_seeds":3,"minecraft:hay_block":55,"minecraft:saddle":2,"minecraft:totem_of_undying":5,"minecraft:mutton":4,"minecraft:white_wool":19,"minecraft:stripped_oak_log":28,"minecraft:glow_ink_sac":7,"minecraft:tripwire_hook":5,"minecraft:cut_sandstone":1,"minecraft:leather":16,"minecraft:filled_map":1,"minecraft:birch_planks":21,"minecraft:oak_log":299,"minecraft:gunpowder":3,"minecraft:white_banner":6,"minecraft:orange_terracotta":2,"minecraft:smooth_sandstone":7,"minecraft:apple":3,"minecraft:gray_carpet":8,"minecraft:kelp":8,"minecraft:spore_blossom":3,"minecraft:iron_ingot":1,"minecraft:stone_pickaxe":1,"minecraft:stripped_oak_wood":1,"minecraft:glass_bottle":2,"minecraft:iron_sword":3,"minecraft:oxidized_cut_copper":1,"minecraft:acacia_sapling":1,"minecraft:dark_oak_stairs":1,"minecraft:oak_slab":2,"minecraft:warped_fungus":1,"minecraft:milk_bucket":1,"minecraft:birch_boat":2,"minecraft:pumpkin":2,"minecraft:sweet_berries":1,"minecraft:stone_brick_slab":1,"minecraft:quartz":18,"minecraft:spyglass":1,"minecraft:dripstone_block":17,"minecraft:gravel":25,"minecraft:spruce_sapling":6,"minecraft:red_banner":1,"minecraft:blast_furnace":16,"minecraft:white_bed":23,"minecraft:spruce_log":153,"minecraft:crying_obsidian":5,"minecraft:spruce_door":1,"minecraft:spider_eye":20,"usefulbackpacks:backpack_large":4,"minecraft:slime_ball":3,"minecraft:scute":3,"minecraft:diamond_axe":3,"minecraft:mossy_cobblestone_stairs":1,"minecraft:waxed_oxidized_cut_copper_slab":19,"minecraft:baked_potato":1,"minecraft:coal":375,"minecraft:hopper":1},"minecraft:crafted":{"minecraft:oak_planks":1280,"minecraft:cobblestone_slab":1056,"minecraft:birch_boat":2,"minecraft:cooked_chicken":38,"minecraft:stone":75,"minecraft:lever":1,"minecraft:bookshelf":2,"minecraft:cooked_mutton":54,"minecraft:hopper":25,"minecraft:repeater":24,"minecraft:bow":13,"minecraft:iron_boots":3,"minecraft:comparator":1,"minecraft:chest":31,"minecraft:birch_door":3,"minecraft:oak_fence":30,"minecraft:cooked_rabbit":46,"minecraft:smoker":2,"minecraft:dropper":1,"minecraft:oak_slab":12,"minecraft:emerald":36,"minecraft:arrow":384,"minecraft:cooked_porkchop":54,"minecraft:crafting_table":7,"minecraft:spruce_planks":582,"minecraft:iron_helmet":3,"minecraft:baked_potato":152,"minecraft:wooden_pickaxe":1,"minecraft:birch_planks":144,"minecraft:dispenser":11,"minecraft:iron_chestplate":4,"minecraft:diamond_pickaxe":1,"minecraft:shield":3,"minecraft:birch_fence":66,"minecraft:stick":1468,"minecraft:iron_ingot":270,"minecraft:iron_pickaxe":8,"minecraft:stone_sword":6,"minecraft:gold_ingot":342,"minecraft:redstone_torch":59,"minecraft:dark_oak_fence_gate":2,"minecraft:shears":2,"minecraft:cobbled_deepslate_slab":198,"minecraft:stone_shovel":1,"minecraft:furnace":11,"minecraft:spruce_fence":15,"minecraft:dark_oak_fence":21,"minecraft:spruce_stairs":252,"minecraft:iron_axe":2,"minecraft:stone_pickaxe":9,"minecraft:filled_map":1,"minecraft:dark_oak_planks":100,"minecraft:observer":11,"minecraft:wheat":90,"minecraft:cooked_beef":109,"minecraft:iron_sword":4,"minecraft:sandstone_slab":804,"minecraft:golden_shovel":1,"minecraft:bucket":2,"minecraft:stone_axe":3,"minecraft:jungle_planks":88,"minecraft:bread":12,"minecraft:air":0,"minecraft:oak_fence_gate":1,"minecraft:golden_apple":49,"minecraft:andesite_slab":210,"minecraft:wooden_axe":2,"minecraft:iron_shovel":2,"minecraft:iron_leggings":4,"minecraft:waxed_oxidized_cut_copper_slab":36,"minecraft:diorite_slab":222,"minecraft:acacia_planks":4,"minecraft:torch":432,"minecraft:granite_slab":138},"minecraft:dropped":{"minecraft:iron_sword":3,"minecraft:dark_oak_stairs":1,"minecraft:stripped_mangrove_wood":4,"minecraft:diamond_axe":2,"minecraft:baked_potato":64,"minecraft:golden_pickaxe":1,"minecraft:leather":12,"minecraft:emerald":20,"minecraft:dirt":2,"minecraft:dark_oak_trapdoor":1,"minecraft:sand":1,"minecraft:iron_pickaxe":2,"minecraft:dark_oak_planks":16,"minecraft:mangrove_slab":1,"minecraft:cyan_carpet":2,"minecraft:cobbled_deepslate":64,"minecraft:rotten_flesh":63,"minecraft:oak_planks":192,"minecraft:white_bed":1,"minecraft:mangrove_fence":1,"minecraft:birch_trapdoor":1,"minecraft:beetroot_seeds":3,"minecraft:birch_door":1,"minecraft:spruce_slab":1,"minecraft:red_nether_bricks":4,"minecraft:arrow":7,"usefulbackpacks:backpack_medium":1,"minecraft:oak_slab":2,"minecraft:wheat_seeds":36,"minecraft:golden_helmet":1,"minecraft:lilac":2,"minecraft:smooth_quartz_stairs":8,"minecraft:oxidized_cut_copper":1,"minecraft:oak_fence":1,"minecraft:iron_helmet":2,"minecraft:feather":2,"minecraft:cobblestone":634,"minecraft:apple":18,"minecraft:spruce_stairs":1,"minecraft:golden_apple":53,"minecraft:stick":8,"minecraft:diorite":9,"minecraft:wooden_axe":2,"minecraft:iron_leggings":2,"minecraft:oak_stairs":1,"minecraft:white_banner":2,"minecraft:mossy_cobblestone_stairs":1,"minecraft:string":99,"minecraft:bucket":1,"minecraft:gray_carpet":4,"minecraft:acacia_planks":24,"minecraft:stone_brick_slab":1,"minecraft:polished_deepslate":1,"minecraft:stone_sword":1,"minecraft:iron_boots":2,"minecraft:totem_of_undying":4,"minecraft:filled_map":2,"minecraft:cobblestone_slab":64,"minecraft:diamond_pickaxe":1,"minecraft:iron_chestplate":1,"minecraft:andesite":1,"minecraft:waxed_oxidized_cut_copper":34,"minecraft:bamboo":14,"minecraft:sandstone":2,"minecraft:bow":2,"minecraft:stone_pickaxe":1,"minecraft:calcite":10},"minecraft:used":{"minecraft:iron_shovel":315,"minecraft:dispenser":11,"minecraft:chest":6,"minecraft:shield":74,"minecraft:iron_sword":680,"minecraft:jungle_planks":4,"minecraft:jungle_slab":3,"minecraft:obsidian":11,"minecraft:milk_bucket":1,"minecraft:birch_sapling":2,"minecraft:repeater":26,"minecraft:bow":118,"minecraft:oak_sapling":43,"minecraft:furnace":9,"minecraft:egg":1,"minecraft:potato":26,"minecraft:waxed_oxidized_cut_copper_slab":55,"minecraft:diorite":6,"minecraft:dropper":1,"minecraft:stone_pickaxe":918,"minecraft:gray_carpet":4,"minecraft:oak_planks":519,"minecraft:wooden_pickaxe":20,"minecraft:sandstone":137,"minecraft:diamond_axe":1334,"minecraft:golden_apple":1,"minecraft:blast_furnace":8,"minecraft:dripstone_block":2,"minecraft:birch_fence":49,"minecraft:lever":1,"minecraft:crying_obsidian":1,"minecraft:cyan_carpet":2,"minecraft:bread":80,"minecraft:spore_blossom":1,"minecraft:gravel":7,"minecraft:granite_slab":144,"minecraft:dark_oak_fence":10,"minecraft:andesite":12,"minecraft:diorite_slab":304,"minecraft:experience_bottle":4,"minecraft:oak_fence":46,"minecraft:stone_sword":403,"minecraft:redstone":3,"minecraft:stone_shovel":131,"minecraft:spruce_planks":170,"minecraft:netherrack":7,"minecraft:torch":671,"minecraft:dirt":476,"minecraft:spyglass":2,"minecraft:hopper":26,"minecraft:spruce_stairs":300,"minecraft:golden_shovel":32,"minecraft:granite":16,"minecraft:spruce_fence":12,"minecraft:oak_fence_gate":1,"minecraft:birch_door":6,"minecraft:dark_oak_planks":14,"minecraft:wooden_axe":40,"minecraft:bookshelf":2,"minecraft:iron_axe":36,"minecraft:beef":3,"minecraft:cooked_beef":16,"minecraft:observer":17,"minecraft:calcite":5,"minecraft:cooked_mutton":3,"minecraft:water_bucket":62,"minecraft:birch_planks":21,"minecraft:baked_potato":46,"minecraft:red_nether_bricks":11,"minecraft:andesite_slab":260,"minecraft:waxed_oxidized_cut_copper":3,"minecraft:birch_boat":3,"minecraft:fletching_table":3,"minecraft:stonecutter":1,"minecraft:cobblestone_slab":1001,"minecraft:comparator":1,"minecraft:oak_slab":12,"minecraft:crafting_table":31,"minecraft:white_bed":21,"minecraft:dark_oak_fence_gate":2,"minecraft:spruce_log":9,"minecraft:smoker":3,"minecraft:diamond_pickaxe":550,"minecraft:iron_pickaxe":1778,"minecraft:spruce_sapling":5,"minecraft:stone_axe":128,"minecraft:cobblestone":427,"minecraft:cobbled_deepslate_slab":200,"minecraft:white_banner":2,"minecraft:cooked_porkchop":5,"minecraft:sandstone_slab":1238,"minecraft:bucket":64},"minecraft:killed_by":{"minecraft:vindicator":16,"minecraft:cave_spider":6,"minecraft:witch":3,"minecraft:vex":3,"minecraft:husk":4,"minecraft:skeleton":1},"minecraft:killed":{"minecraft:cave_spider":55,"minecraft:witch":5,"minecraft:spider":6,"minecraft:cod":2,"minecraft:skeleton":19,"minecraft:chicken":2,"minecraft:pig":1,"minecraft:creeper":8,"minecraft:sheep":4,"minecraft:pillager":32,"minecraft:zombie":27,"minecraft:glow_squid":1,"minecraft:cow":14,"minecraft:evoker":5,"minecraft:vex":8,"minecraft:vindicator":11,"minecraft:slime":3,"minecraft:husk":27,"minecraft:ravager":2},"minecraft:custom":{"minecraft:animals_bred":20,"minecraft:interact_with_crafting_table":180,"minecraft:open_barrel":71,"minecraft:leave_game":6,"minecraft:time_since_death":41090,"minecraft:sprint_one_cm":1542950,"minecraft:damage_blocked_by_shield":2880,"minecraft:drop":147,"minecraft:talked_to_villager":66,"minecraft:play_time":929413,"minecraft:deaths":37,"minecraft:jump":4933,"minecraft:interact_with_brewingstand":3,"minecraft:walk_on_water_one_cm":72245,"minecraft:interact_with_furnace":148,"minecraft:traded_with_villager":61,"minecraft:interact_with_cartography_table":1,"minecraft:sleep_in_bed":49,"minecraft:damage_dealt":36329,"minecraft:player_kills":2,"minecraft:crouch_one_cm":398428,"minecraft:interact_with_smoker":51,"minecraft:inspect_dispenser":5,"minecraft:horse_one_cm":618276,"minecraft:interact_with_anvil":1,"minecraft:mob_kills":240,"minecraft:climb_one_cm":4490,"minecraft:walk_one_cm":1985988,"minecraft:raid_win":1,"minecraft:sneak_time":151975,"minecraft:walk_under_water_one_cm":62272,"minecraft:boat_one_cm":417373,"minecraft:interact_with_blast_furnace":127,"minecraft:total_world_time":929413,"minecraft:interact_with_stonecutter":3,"minecraft:interact_with_grindstone":1,"minecraft:time_since_rest":9869,"minecraft:damage_taken":17385,"minecraft:damage_absorbed":40,"minecraft:swim_one_cm":44168,"minecraft:fly_one_cm":807080,"minecraft:open_chest":234,"minecraft:fall_one_cm":119777},"minecraft:mined":{"minecraft:dark_oak_planks":21,"minecraft:spruce_planks":38,"minecraft:white_bed":22,"minecraft:jungle_slab":8,"minecraft:jungle_leaves":24,"minecraft:red_nether_bricks":13,"minecraft:orange_wool":6,"minecraft:obsidian":3,"minecraft:granite":88,"minecraft:grass_block":128,"minecraft:mangrove_fence":1,"minecraft:jungle_log":13,"minecraft:blue_wool":1,"minecraft:hopper":1,"minecraft:spawner":9,"minecraft:dark_oak_trapdoor":1,"minecraft:mossy_cobblestone_stairs":1,"minecraft:iron_ore":180,"minecraft:cobbled_deepslate":20,"minecraft:fire":20,"minecraft:pumpkin":2,"minecraft:granite_slab":10,"minecraft:fletching_table":1,"minecraft:dark_oak_stairs":2,"minecraft:pointed_dripstone":18,"minecraft:dirt_path":1,"minecraft:oak_stairs":1,"minecraft:stripped_mangrove_wood":4,"minecraft:iron_block":2,"minecraft:spruce_slab":1,"minecraft:sandstone_slab":493,"minecraft:cut_sandstone":1,"minecraft:jungle_door":1,"minecraft:kelp_plant":2,"minecraft:smoker":1,"minecraft:orange_terracotta":2,"minecraft:clay":4,"minecraft:torch":42,"minecraft:jungle_stairs":2,"minecraft:blast_furnace":17,"minecraft:calcite":25,"minecraft:melon":1,"minecraft:nether_quartz_ore":20,"minecraft:cobblestone":75,"minecraft:oak_planks":64,"minecraft:sugar_cane":4,"minecraft:wall_torch":40,"minecraft:stone_stairs":2,"minecraft:repeater":2,"minecraft:blue_terracotta":1,"minecraft:dark_oak_slab":1,"minecraft:birch_log":36,"minecraft:wheat":11,"minecraft:birch_trapdoor":1,"minecraft:lilac":3,"minecraft:jukebox":1,"minecraft:stripped_oak_wood":1,"minecraft:birch_door":4,"minecraft:warped_fungus":1,"minecraft:grass":125,"minecraft:oak_log":300,"minecraft:beetroots":1,"minecraft:sand":152,"minecraft:dirt":456,"minecraft:tripwire_hook":5,"minecraft:netherrack":58,"minecraft:oak_leaves":301,"minecraft:deepslate":22,"minecraft:crying_obsidian":4,"minecraft:dark_oak_log":12,"minecraft:glow_lichen":1,"minecraft:cobbled_deepslate_slab":5,"minecraft:spruce_fence":1,"minecraft:jungle_planks":2,"minecraft:crimson_roots":3,"minecraft:mangrove_trapdoor":2,"minecraft:spruce_leaves":68,"minecraft:moss_block":11,"minecraft:cartography_table":1,"minecraft:sandstone":286,"minecraft:large_fern":1,"minecraft:hay_block":56,"minecraft:spore_blossom":1,"minecraft:diorite_slab":92,"minecraft:oxidized_cut_copper":1,"minecraft:redstone_ore":1,"minecraft:furnace":1,"minecraft:waxed_oxidized_cut_copper":36,"minecraft:carrots":6,"minecraft:waxed_oxidized_cut_copper_slab":20,"minecraft:suspicious_sand":1,"minecraft:andesite":99,"minecraft:stripped_spruce_log":2,"minecraft:gold_block":1,"minecraft:polished_deepslate":1,"minecraft:potatoes":7,"minecraft:cobblestone_slab":38,"minecraft:deepslate_iron_ore":4,"minecraft:vine":6,"minecraft:lantern":3,"minecraft:stripped_oak_log":28,"minecraft:stripped_jungle_log":2,"minecraft:smooth_quartz_stairs":8,"minecraft:bamboo":32,"minecraft:stone":881,"minecraft:oak_slab":3,"minecraft:acacia_leaves":79,"minecraft:observer":6,"minecraft:stone_brick_slab":1,"minecraft:spruce_door":1,"minecraft:oak_fence":17,"minecraft:smooth_sandstone":8,"minecraft:crafting_table":24,"morevillagers:oceanography_table":1,"minecraft:rose_bush":1,"minecraft:andesite_slab":61,"minecraft:copper_ore":20,"minecraft:tall_grass":31,"minecraft:deepslate_coal_ore":2,"minecraft:lapis_ore":13,"minecraft:deepslate_gold_ore":7,"minecraft:diorite":121,"minecraft:spruce_stairs":54,"minecraft:birch_planks":21,"minecraft:cactus":3,"minecraft:birch_leaves":22,"minecraft:spruce_log":156,"minecraft:white_wall_banner":1,"minecraft:red_wall_banner":1,"minecraft:mangrove_slab":1,"minecraft:coal_ore":354,"minecraft:cyan_carpet":5,"minecraft:gravel":20,"minecraft:dripstone_block":12,"minecraft:gray_carpet":2,"minecraft:cobweb":148,"minecraft:gold_ore":8,"minecraft:fern":2}},"DataVersion":3465}