{"stats":{"minecraft:mined":{"minecraft:white_bed":5,"minecraft:granite":17,"minecraft:grass_block":4,"minecraft:composter":1,"minecraft:iron_ore":75,"minecraft:fire":8,"minecraft:pumpkin":1,"minecraft:fletching_table":1,"minecraft:pointed_dripstone":1,"minecraft:white_banner":1,"minecraft:player_head":1,"minecraft:smoker":4,"minecraft:torch":16,"minecraft:blast_furnace":16,"minecraft:calcite":1,"minecraft:poppy":2,"minecraft:chest":2,"minecraft:spruce_wall_sign":1,"minecraft:cobblestone":27,"minecraft:cyan_bed":2,"minecraft:sugar_cane":2,"minecraft:grindstone":1,"minecraft:oak_planks":1,"minecraft:damaged_anvil":1,"minecraft:wall_torch":14,"minecraft:birch_log":38,"minecraft:wheat":24,"minecraft:wither_rose":1,"minecraft:grass":35,"minecraft:beetroots":9,"minecraft:loom":1,"minecraft:dirt":4,"minecraft:stonecutter":2,"minecraft:oak_leaves":12,"minecraft:deepslate":13,"minecraft:diamond_ore":2,"minecraft:tuff":4,"minecraft:yellow_wall_banner":1,"minecraft:dark_oak_fence":1,"minecraft:spruce_fence":1,"minecraft:red_mushroom":2,"minecraft:hay_block":28,"minecraft:redstone_ore":10,"minecraft:furnace":7,"minecraft:carrots":15,"minecraft:andesite":2,"minecraft:potatoes":15,"minecraft:deepslate_iron_ore":29,"minecraft:shroomlight":1,"minecraft:packed_ice":28,"minecraft:stone":214,"minecraft:white_wool":1,"minecraft:cake":1,"minecraft:smithing_table":2,"minecraft:scaffolding":14,"minecraft:oak_fence":1,"minecraft:crafting_table":4,"minecraft:emerald_ore":2,"minecraft:sculk_sensor":1,"minecraft:tall_grass":9,"minecraft:copper_ore":13,"minecraft:lapis_ore":2,"minecraft:deepslate_gold_ore":4,"minecraft:diorite":29,"minecraft:black_wall_banner":1,"minecraft:white_carpet":4,"minecraft:spruce_log":2,"minecraft:birch_leaves":16,"minecraft:red_wall_banner":1,"minecraft:coal_ore":157,"minecraft:sunflower":8,"minecraft:gravel":36,"minecraft:dripstone_block":2,"minecraft:mossy_stone_bricks":1,"minecraft:gold_ore":17,"minecraft:birch_fence":1},"minecraft:dropped":{"minecraft:iron_sword":1,"minecraft:birch_planks":40,"minecraft:crafting_table":3,"minecraft:crossbow":1,"minecraft:leather":17,"minecraft:rail":8,"minecraft:birch_slab":24,"minecraft:leather_helmet":1,"minecraft:dirt":65,"usefulbackpacks:backpack_small":1,"minecraft:birch_log":11,"minecraft:white_wool":48,"minecraft:bone":9,"minecraft:spyglass":1,"minecraft:cooked_chicken":8,"minecraft:cobbled_deepslate":16,"minecraft:wheat":4,"minecraft:beetroot":2,"minecraft:rotten_flesh":5,"minecraft:oak_planks":6,"minecraft:cooked_mutton":2,"minecraft:carrot":3,"minecraft:leather_chestplate":1,"minecraft:beetroot_seeds":3,"minecraft:leather_boots":1,"minecraft:beef":2,"usefulbackpacks:backpack_medium":2,"minecraft:wheat_seeds":2,"minecraft:dripstone_block":2,"minecraft:iron_helmet":2,"minecraft:oak_fence":1,"minecraft:cobblestone":32,"minecraft:book":5,"minecraft:apple":7,"minecraft:activator_rail":3,"minecraft:chainmail_helmet":2,"minecraft:coal":26,"minecraft:gray_wool":10,"minecraft:diorite":6,"minecraft:brown_wool":6,"minecraft:iron_leggings":1,"minecraft:chainmail_leggings":1,"minecraft:string":9,"minecraft:stone_sword":1,"minecraft:bowl":1,"minecraft:tuff":8,"minecraft:iron_boots":1,"minecraft:blast_furnace":2,"minecraft:potato":14,"minecraft:shield":1,"minecraft:iron_chestplate":3,"minecraft:andesite":4,"minecraft:mossy_stone_bricks":1,"minecraft:golden_leggings":1,"minecraft:cyan_bed":1,"minecraft:black_wool":7},"minecraft:used":{"minecraft:poppy":3,"minecraft:chest":4,"minecraft:shield":54,"minecraft:iron_sword":443,"minecraft:mossy_stone_brick_slab":2,"minecraft:mutton":4,"minecraft:stripped_dark_oak_wood":2,"minecraft:birch_sapling":2,"minecraft:scaffolding":7,"minecraft:sweet_berries":2,"minecraft:furnace":4,"minecraft:egg":2,"minecraft:diorite":58,"minecraft:end_rod":1,"minecraft:stone_pickaxe":519,"minecraft:wooden_pickaxe":13,"minecraft:white_wool":1,"minecraft:mushroom_stew":1,"minecraft:blast_furnace":2,"minecraft:crossbow":12,"minecraft:cyan_bed":2,"minecraft:bread":28,"minecraft:gravel":33,"minecraft:smithing_table":1,"minecraft:dark_oak_fence":1,"minecraft:birch_log":2,"minecraft:oak_fence":1,"minecraft:cooked_salmon":1,"minecraft:cooked_chicken":1,"minecraft:oak_door":1,"minecraft:torch":193,"minecraft:dirt":5,"minecraft:spyglass":6,"minecraft:granite":6,"minecraft:stone_brick_slab":3,"minecraft:wooden_axe":2,"minecraft:iron_axe":28,"minecraft:cooked_beef":10,"minecraft:cobbled_deepslate":2,"minecraft:pointed_dripstone":1,"minecraft:calcite":1,"minecraft:birch_planks":13,"minecraft:birch_boat":3,"minecraft:spruce_sign":3,"minecraft:fletching_table":1,"minecraft:stonecutter":1,"minecraft:crafting_table":4,"minecraft:red_mushroom":3,"minecraft:white_bed":7,"minecraft:cake":4,"minecraft:smoker":2,"minecraft:oxeye_daisy":1,"minecraft:sunflower":3,"minecraft:iron_pickaxe":217,"minecraft:stone_axe":131,"minecraft:cobblestone":152,"minecraft:cooked_porkchop":1,"minecraft:white_banner":1,"minecraft:porkchop":1,"minecraft:pumpkin_pie":5,"minecraft:wither_rose":1},"minecraft:crafted":{"minecraft:birch_boat":2,"minecraft:cooked_chicken":8,"minecraft:birch_slab":24,"minecraft:cooked_mutton":13,"minecraft:iron_boots":2,"minecraft:chest":1,"minecraft:cooked_porkchop":23,"minecraft:crafting_table":3,"minecraft:wooden_pickaxe":1,"minecraft:iron_helmet":1,"minecraft:birch_planks":100,"minecraft:hay_block":5,"minecraft:iron_chestplate":2,"minecraft:yellow_dye":2,"minecraft:shield":6,"minecraft:stick":92,"minecraft:iron_ingot":45,"minecraft:iron_pickaxe":1,"minecraft:oak_door":3,"minecraft:spyglass":2,"minecraft:furnace":3,"minecraft:iron_axe":1,"minecraft:stone_pickaxe":5,"minecraft:cooked_beef":8,"minecraft:coal_block":7,"minecraft:iron_sword":2,"minecraft:stone_axe":2,"minecraft:air":0,"minecraft:wooden_axe":1,"minecraft:iron_leggings":1,"minecraft:white_bed":2,"minecraft:torch":180},"minecraft:custom":{"minecraft:interact_with_crafting_table":26,"minecraft:open_barrel":19,"minecraft:bell_ring":4,"minecraft:eat_cake_slice":26,"minecraft:leave_game":4,"minecraft:time_since_death":165570,"minecraft:sprint_one_cm":670322,"minecraft:damage_blocked_by_shield":1970,"minecraft:drop":101,"minecraft:talked_to_villager":25,"minecraft:play_time":347198,"minecraft:deaths":9,"minecraft:jump":2970,"minecraft:walk_on_water_one_cm":52267,"minecraft:interact_with_furnace":61,"minecraft:interact_with_loom":1,"minecraft:sleep_in_bed":9,"minecraft:damage_dealt":11871,"minecraft:crouch_one_cm":15820,"minecraft:interact_with_smoker":7,"minecraft:horse_one_cm":480073,"minecraft:mob_kills":83,"minecraft:climb_one_cm":25870,"minecraft:walk_one_cm":1003293,"minecraft:sneak_time":10143,"minecraft:walk_under_water_one_cm":40163,"minecraft:boat_one_cm":104557,"minecraft:interact_with_blast_furnace":14,"minecraft:total_world_time":347198,"minecraft:interact_with_stonecutter":1,"minecraft:time_since_rest":14954,"minecraft:damage_taken":5071,"minecraft:swim_one_cm":43188,"minecraft:fly_one_cm":152680,"minecraft:open_chest":119,"minecraft:fall_one_cm":47628},"minecraft:broken":{"minecraft:stone_pickaxe":3,"minecraft:stone_axe":1},"minecraft:killed":{"minecraft:witch":1,"minecraft:spider":6,"minecraft:skeleton":16,"minecraft:pig":8,"minecraft:sheep":11,"minecraft:pillager":9,"minecraft:zombie":5,"minecraft:cow":19,"minecraft:vindicator":2,"minecraft:enderman":1},"minecraft:picked_up":{"minecraft:iron_chestplate":7,"minecraft:wheat":24,"minecraft:smithing_table":4,"minecraft:lead":9,"minecraft:wither_rose":2,"minecraft:potion":1,"minecraft:string":9,"minecraft:raw_copper":62,"minecraft:cooked_salmon":1,"minecraft:armor_stand":10,"minecraft:iron_leggings":11,"minecraft:shroomlight":1,"minecraft:beetroot":17,"minecraft:activator_rail":3,"minecraft:cobbled_deepslate":21,"minecraft:calcite":1,"minecraft:iron_pickaxe":6,"minecraft:melon_slice":14,"minecraft:iron_boots":4,"minecraft:furnace":5,"minecraft:stick":200,"minecraft:composter":1,"minecraft:oak_fence":2,"minecraft:torch":216,"minecraft:porkchop":19,"minecraft:pointed_dripstone":2,"minecraft:diorite":90,"minecraft:yellow_banner":1,"minecraft:stone_sword":1,"minecraft:rotten_flesh":13,"minecraft:end_rod":1,"minecraft:cobblestone":594,"minecraft:birch_log":38,"minecraft:leather_chestplate":7,"minecraft:cooked_beef":38,"minecraft:birch_slab":24,"minecraft:andesite":4,"minecraft:brown_wool":6,"minecraft:golden_leggings":1,"minecraft:smoker":4,"minecraft:potato":64,"minecraft:flint":1,"minecraft:tuff":8,"minecraft:lapis_lazuli":12,"minecraft:dirt":75,"minecraft:leather_boots":1,"minecraft:bone":50,"minecraft:stonecutter":2,"minecraft:wheat_seeds":7,"minecraft:raw_gold":23,"minecraft:grindstone":1,"minecraft:mossy_stone_bricks":1,"minecraft:fletching_table":1,"minecraft:oak_planks":38,"minecraft:cooked_porkchop":13,"minecraft:loom":2,"minecraft:grass_block":1,"minecraft:cyan_bed":4,"minecraft:diamond":2,"minecraft:crossbow":2,"minecraft:granite":13,"minecraft:golden_apple":1,"minecraft:bread":77,"minecraft:emerald":11,"minecraft:spruce_sign":4,"minecraft:chainmail_helmet":3,"minecraft:dark_oak_fence":1,"minecraft:crafting_table":7,"minecraft:chicken":8,"minecraft:chest_minecart":1,"usefulbackpacks:backpack_medium":2,"minecraft:shield":9,"minecraft:iron_axe":4,"minecraft:white_carpet":7,"minecraft:birch_fence":1,"minecraft:cyan_carpet":4,"usefulbackpacks:backpack_small":1,"minecraft:beef":37,"minecraft:spruce_slab":2,"minecraft:poppy":3,"minecraft:light_gray_wool":1,"minecraft:sugar_cane":3,"minecraft:chest":3,"minecraft:birch_sapling":2,"minecraft:egg":6,"minecraft:raw_iron":152,"minecraft:cake":8,"minecraft:carrot":61,"minecraft:redstone":46,"minecraft:stone_pressure_plate":1,"minecraft:arrow":105,"minecraft:beetroot_seeds":3,"minecraft:pumpkin_pie":2,"minecraft:hay_block":67,"minecraft:stripped_dark_oak_wood":4,"minecraft:black_banner":1,"minecraft:glistering_melon_slice":2,"minecraft:mutton":15,"minecraft:white_wool":59,"minecraft:rail":8,"minecraft:oxeye_daisy":1,"minecraft:clock":1,"minecraft:leather":20,"minecraft:red_mushroom":3,"minecraft:birch_planks":104,"minecraft:mushroom_stew":3,"minecraft:chainmail_chestplate":1,"minecraft:golden_boots":1,"minecraft:white_banner":2,"minecraft:cooked_mutton":25,"minecraft:stone_pickaxe":4,"minecraft:iron_ingot":207,"minecraft:cooked_chicken":16,"minecraft:iron_sword":13,"minecraft:book":13,"minecraft:scaffolding":7,"minecraft:birch_boat":3,"minecraft:pumpkin":1,"minecraft:stone_brick_slab":3,"minecraft:dandelion":1,"minecraft:dripstone_block":2,"minecraft:gravel":33,"minecraft:amethyst_shard":10,"minecraft:blast_furnace":27,"minecraft:red_banner":1,"minecraft:white_bed":7,"minecraft:mossy_stone_brick_slab":2,"minecraft:spider_eye":4,"usefulbackpacks:backpack_large":1,"minecraft:leather_helmet":1,"minecraft:stone_axe":1,"minecraft:chainmail_leggings":2,"minecraft:iron_helmet":10,"minecraft:gray_wool":10,"minecraft:damaged_anvil":4,"minecraft:black_wool":15,"minecraft:coal":312,"minecraft:sunflower":21,"minecraft:ender_pearl":1},"minecraft:killed_by":{"minecraft:enderman":1,"minecraft:skeleton":8}},"DataVersion":3465}