{"stats":{"minecraft:mined":{"minecraft:dark_oak_planks":39,"minecraft:spruce_planks":48,"minecraft:white_bed":25,"minecraft:jungle_slab":8,"minecraft:jungle_leaves":59,"minecraft:red_nether_bricks":13,"minecraft:orange_wool":6,"minecraft:obsidian":3,"minecraft:granite":88,"minecraft:grass_block":132,"minecraft:mangrove_fence":1,"minecraft:jungle_log":21,"minecraft:blue_wool":1,"minecraft:hopper":1,"minecraft:spawner":14,"minecraft:dark_oak_trapdoor":1,"minecraft:mossy_cobblestone_stairs":1,"minecraft:iron_ore":180,"minecraft:cobbled_deepslate":20,"minecraft:fire":20,"minecraft:pumpkin":2,"minecraft:granite_slab":11,"minecraft:fletching_table":1,"minecraft:dark_oak_stairs":2,"minecraft:pointed_dripstone":18,"minecraft:dirt_path":1,"minecraft:oak_stairs":1,"minecraft:stripped_mangrove_wood":4,"minecraft:iron_block":2,"minecraft:spruce_slab":1,"minecraft:sandstone_slab":614,"minecraft:cut_sandstone":1,"minecraft:jungle_door":1,"minecraft:cyan_terracotta":6,"minecraft:kelp_plant":2,"minecraft:smoker":3,"minecraft:orange_terracotta":2,"minecraft:clay":4,"minecraft:torch":45,"minecraft:jungle_stairs":2,"minecraft:blast_furnace":17,"minecraft:calcite":25,"minecraft:melon":1,"minecraft:chest":1,"minecraft:nether_quartz_ore":20,"minecraft:cobblestone":75,"minecraft:oak_planks":64,"minecraft:sugar_cane":4,"minecraft:wall_torch":42,"minecraft:stone_stairs":2,"minecraft:repeater":2,"minecraft:blue_terracotta":1,"minecraft:jungle_wood":10,"minecraft:dark_oak_slab":1,"minecraft:birch_log":36,"minecraft:wheat":11,"minecraft:birch_trapdoor":1,"minecraft:lilac":3,"minecraft:jukebox":1,"minecraft:stripped_oak_wood":1,"minecraft:birch_door":4,"minecraft:warped_fungus":1,"minecraft:grass":131,"minecraft:oak_log":305,"minecraft:beetroots":1,"minecraft:sand":187,"minecraft:dirt":494,"minecraft:tripwire_hook":5,"minecraft:netherrack":58,"minecraft:oak_leaves":305,"minecraft:deepslate":22,"minecraft:dark_prismarine":25,"minecraft:crying_obsidian":4,"minecraft:dark_oak_log":12,"minecraft:glow_lichen":1,"minecraft:cobbled_deepslate_slab":9,"minecraft:stone_button":3,"minecraft:spruce_fence":1,"minecraft:jungle_planks":3,"minecraft:crimson_roots":3,"minecraft:mangrove_trapdoor":2,"minecraft:spruce_leaves":68,"minecraft:moss_block":11,"minecraft:cartography_table":1,"minecraft:sandstone":286,"minecraft:large_fern":1,"minecraft:hay_block":56,"minecraft:spore_blossom":1,"minecraft:diorite_slab":111,"minecraft:oxidized_cut_copper":1,"minecraft:redstone_ore":1,"minecraft:waxed_oxidized_cut_copper":36,"minecraft:furnace":1,"minecraft:carrots":6,"minecraft:waxed_oxidized_cut_copper_slab":23,"minecraft:acacia_wood":52,"minecraft:suspicious_sand":1,"minecraft:andesite":100,"minecraft:stripped_spruce_log":2,"minecraft:gold_block":1,"minecraft:polished_deepslate":1,"minecraft:potatoes":7,"minecraft:deepslate_iron_ore":4,"minecraft:cobblestone_slab":46,"minecraft:vine":7,"minecraft:lantern":3,"minecraft:stripped_oak_log":28,"minecraft:stripped_jungle_log":2,"minecraft:smooth_quartz_stairs":8,"minecraft:bamboo_sapling":1,"minecraft:bamboo":36,"minecraft:stone":881,"minecraft:oak_slab":3,"minecraft:acacia_leaves":79,"minecraft:gray_concrete":1,"minecraft:stone_brick_slab":1,"minecraft:observer":6,"minecraft:spruce_door":1,"minecraft:oak_fence":17,"minecraft:smooth_sandstone":8,"minecraft:crafting_table":24,"morevillagers:oceanography_table":1,"minecraft:rose_bush":1,"minecraft:andesite_slab":65,"minecraft:copper_ore":20,"minecraft:tall_grass":31,"minecraft:deepslate_coal_ore":2,"minecraft:lapis_ore":13,"minecraft:deepslate_gold_ore":7,"minecraft:diorite":121,"minecraft:spruce_stairs":54,"minecraft:birch_planks":23,"minecraft:cactus":3,"minecraft:birch_leaves":22,"minecraft:spruce_log":156,"minecraft:white_wall_banner":1,"minecraft:red_wall_banner":1,"minecraft:mangrove_slab":1,"minecraft:coal_ore":354,"minecraft:cyan_carpet":5,"minecraft:gravel":20,"minecraft:dripstone_block":12,"minecraft:gray_carpet":2,"minecraft:cobweb":148,"minecraft:acacia_planks":44,"minecraft:stripped_acacia_wood":20,"minecraft:gold_ore":8,"minecraft:fern":3},"minecraft:dropped":{"minecraft:iron_sword":3,"minecraft:dark_oak_stairs":1,"minecraft:stripped_mangrove_wood":4,"minecraft:diamond_axe":2,"minecraft:baked_potato":64,"minecraft:golden_pickaxe":1,"minecraft:leather":12,"minecraft:emerald":20,"minecraft:dirt":2,"minecraft:dark_oak_trapdoor":1,"minecraft:sand":1,"minecraft:iron_pickaxe":2,"minecraft:dark_oak_planks":16,"minecraft:mangrove_slab":1,"minecraft:cyan_carpet":2,"minecraft:cobbled_deepslate":64,"minecraft:rotten_flesh":63,"minecraft:oak_planks":192,"minecraft:white_bed":1,"minecraft:mangrove_fence":1,"minecraft:birch_trapdoor":1,"minecraft:beetroot_seeds":3,"minecraft:birch_door":1,"minecraft:spruce_slab":1,"minecraft:red_nether_bricks":4,"minecraft:arrow":7,"usefulbackpacks:backpack_medium":1,"minecraft:oak_slab":2,"minecraft:wheat_seeds":36,"minecraft:golden_helmet":1,"minecraft:lilac":2,"minecraft:smooth_quartz_stairs":8,"minecraft:oxidized_cut_copper":1,"minecraft:oak_fence":1,"minecraft:iron_helmet":4,"minecraft:feather":2,"minecraft:cobblestone":634,"minecraft:apple":18,"minecraft:spruce_stairs":1,"minecraft:golden_apple":64,"minecraft:stick":22,"minecraft:diorite":9,"minecraft:wooden_axe":2,"minecraft:iron_leggings":2,"minecraft:oak_stairs":1,"minecraft:white_banner":2,"minecraft:mossy_cobblestone_stairs":1,"minecraft:string":99,"minecraft:bucket":1,"minecraft:gray_carpet":4,"minecraft:acacia_planks":24,"minecraft:stone_brick_slab":1,"minecraft:polished_deepslate":1,"minecraft:stone_sword":1,"minecraft:iron_boots":3,"minecraft:totem_of_undying":4,"minecraft:filled_map":2,"minecraft:cobblestone_slab":64,"minecraft:diamond_pickaxe":1,"minecraft:iron_chestplate":1,"minecraft:andesite":1,"minecraft:waxed_oxidized_cut_copper":34,"minecraft:bamboo":14,"minecraft:sandstone":2,"minecraft:bow":2,"minecraft:stone_pickaxe":1,"minecraft:calcite":10},"minecraft:used":{"minecraft:iron_shovel":315,"minecraft:dispenser":11,"minecraft:chest":10,"minecraft:shield":92,"minecraft:iron_sword":916,"minecraft:iron_chestplate":1,"minecraft:jungle_planks":5,"minecraft:jungle_slab":3,"minecraft:obsidian":11,"minecraft:milk_bucket":1,"minecraft:cyan_terracotta":1,"minecraft:lantern":3,"minecraft:birch_sapling":2,"minecraft:repeater":26,"minecraft:bow":281,"minecraft:oak_sapling":43,"minecraft:furnace":9,"minecraft:egg":1,"minecraft:potato":26,"minecraft:waxed_oxidized_cut_copper_slab":58,"minecraft:diorite":6,"minecraft:diamond_boots":1,"minecraft:dropper":1,"minecraft:oak_planks":519,"minecraft:stone_pickaxe":918,"minecraft:gray_carpet":4,"minecraft:wooden_pickaxe":20,"minecraft:sandstone":137,"minecraft:diamond_axe":1334,"minecraft:golden_apple":11,"minecraft:sand":35,"minecraft:blast_furnace":8,"minecraft:dripstone_block":2,"minecraft:lightning_rod":1,"minecraft:birch_fence":49,"minecraft:lever":1,"minecraft:crying_obsidian":1,"minecraft:cyan_carpet":2,"minecraft:bread":101,"minecraft:spore_blossom":1,"minecraft:gravel":7,"minecraft:granite_slab":145,"minecraft:dark_oak_fence":10,"minecraft:andesite":13,"minecraft:diorite_slab":322,"minecraft:experience_bottle":4,"minecraft:netherite_sword":238,"minecraft:oak_fence":46,"minecraft:stone_sword":418,"minecraft:stone_shovel":131,"minecraft:redstone":3,"minecraft:spruce_planks":171,"minecraft:netherrack":7,"minecraft:torch":691,"minecraft:dirt":620,"minecraft:spyglass":2,"minecraft:hopper":26,"minecraft:spruce_stairs":300,"minecraft:golden_shovel":32,"minecraft:granite":16,"minecraft:spruce_fence":12,"minecraft:oak_fence_gate":1,"minecraft:birch_door":6,"minecraft:dark_oak_planks":15,"minecraft:wooden_axe":40,"minecraft:bookshelf":2,"minecraft:iron_axe":552,"minecraft:bamboo":6,"minecraft:beef":3,"minecraft:acacia_planks":152,"minecraft:cooked_beef":16,"minecraft:observer":17,"minecraft:calcite":5,"minecraft:cooked_mutton":5,"minecraft:water_bucket":77,"minecraft:birch_planks":21,"minecraft:baked_potato":48,"minecraft:red_nether_bricks":11,"minecraft:andesite_slab":263,"minecraft:waxed_oxidized_cut_copper":3,"minecraft:birch_boat":3,"minecraft:fletching_table":3,"minecraft:stonecutter":1,"minecraft:cobblestone_slab":1055,"minecraft:comparator":1,"minecraft:oak_slab":12,"minecraft:crafting_table":31,"minecraft:white_bed":24,"minecraft:dark_oak_fence_gate":2,"minecraft:cake":1,"minecraft:spruce_log":9,"minecraft:smoker":3,"minecraft:diamond_pickaxe":713,"minecraft:iron_pickaxe":1826,"minecraft:spruce_sapling":5,"minecraft:stone_axe":128,"minecraft:cobblestone":427,"minecraft:cobbled_deepslate_slab":202,"minecraft:white_banner":2,"minecraft:cooked_porkchop":5,"minecraft:bucket":78,"minecraft:sandstone_slab":1356},"minecraft:custom":{"minecraft:animals_bred":20,"minecraft:interact_with_crafting_table":190,"minecraft:open_barrel":81,"minecraft:eat_cake_slice":3,"minecraft:leave_game":7,"minecraft:time_since_death":7664,"minecraft:sprint_one_cm":1723577,"minecraft:damage_blocked_by_shield":3710,"minecraft:drop":152,"minecraft:talked_to_villager":66,"minecraft:play_time":1093169,"minecraft:deaths":62,"minecraft:jump":5609,"minecraft:interact_with_brewingstand":3,"minecraft:walk_on_water_one_cm":80781,"minecraft:interact_with_furnace":148,"minecraft:traded_with_villager":61,"minecraft:interact_with_cartography_table":1,"minecraft:sleep_in_bed":56,"minecraft:damage_dealt":61199,"minecraft:player_kills":2,"minecraft:crouch_one_cm":451155,"minecraft:interact_with_smoker":51,"minecraft:inspect_dispenser":5,"minecraft:horse_one_cm":618276,"minecraft:interact_with_anvil":1,"minecraft:mob_kills":351,"minecraft:climb_one_cm":7236,"minecraft:walk_one_cm":2249655,"minecraft:raid_win":1,"minecraft:sneak_time":181145,"minecraft:walk_under_water_one_cm":70555,"minecraft:boat_one_cm":417373,"minecraft:interact_with_blast_furnace":128,"minecraft:total_world_time":1093169,"minecraft:interact_with_stonecutter":3,"minecraft:interact_with_grindstone":1,"minecraft:time_since_rest":4408,"minecraft:damage_absorbed":432,"minecraft:damage_taken":27353,"minecraft:swim_one_cm":44168,"minecraft:fly_one_cm":869433,"minecraft:open_chest":312,"minecraft:fall_one_cm":169339},"minecraft:crafted":{"minecraft:oak_planks":1300,"minecraft:cobblestone_slab":1056,"minecraft:birch_boat":2,"minecraft:cooked_chicken":38,"minecraft:lightning_rod":1,"minecraft:stone":75,"minecraft:lever":1,"minecraft:bookshelf":2,"minecraft:cooked_mutton":54,"minecraft:hopper":25,"minecraft:repeater":24,"minecraft:bow":13,"minecraft:iron_boots":3,"minecraft:comparator":1,"minecraft:chest":34,"minecraft:birch_door":3,"minecraft:oak_fence":30,"minecraft:cooked_rabbit":46,"minecraft:smoker":2,"minecraft:dropper":1,"minecraft:oak_slab":12,"minecraft:emerald":36,"minecraft:arrow":384,"minecraft:cooked_porkchop":54,"minecraft:crafting_table":7,"minecraft:spruce_planks":582,"minecraft:iron_helmet":5,"minecraft:baked_potato":152,"minecraft:wooden_pickaxe":1,"minecraft:birch_planks":144,"minecraft:dispenser":11,"minecraft:iron_chestplate":4,"minecraft:diamond_pickaxe":2,"minecraft:shield":3,"minecraft:birch_fence":66,"minecraft:stick":1472,"minecraft:iron_ingot":270,"minecraft:iron_pickaxe":10,"minecraft:stone_sword":6,"minecraft:gold_ingot":351,"minecraft:redstone_torch":59,"minecraft:dark_oak_fence_gate":2,"minecraft:shears":2,"minecraft:cobbled_deepslate_slab":198,"minecraft:stone_shovel":1,"minecraft:furnace":11,"minecraft:spruce_fence":15,"minecraft:spruce_stairs":252,"minecraft:dark_oak_fence":21,"minecraft:iron_axe":3,"minecraft:stone_pickaxe":9,"minecraft:filled_map":1,"minecraft:dark_oak_planks":100,"minecraft:observer":11,"minecraft:wheat":90,"minecraft:cooked_beef":109,"minecraft:diamond_sword":1,"minecraft:iron_sword":5,"minecraft:sandstone_slab":804,"minecraft:golden_shovel":1,"minecraft:bucket":2,"minecraft:stone_axe":3,"minecraft:jungle_planks":88,"minecraft:bread":12,"minecraft:air":0,"minecraft:oak_fence_gate":1,"minecraft:golden_apple":67,"minecraft:andesite_slab":210,"minecraft:wooden_axe":2,"minecraft:iron_shovel":2,"minecraft:iron_leggings":4,"minecraft:waxed_oxidized_cut_copper_slab":36,"minecraft:torch":432,"minecraft:acacia_planks":268,"minecraft:diorite_slab":222,"minecraft:granite_slab":138},"minecraft:broken":{"minecraft:golden_helmet":1,"minecraft:iron_shovel":1,"minecraft:iron_boots":1,"minecraft:golden_shovel":1,"minecraft:stone_pickaxe":6,"minecraft:iron_sword":4,"minecraft:stone_shovel":1,"minecraft:stone_sword":3,"minecraft:shield":1,"minecraft:diamond_axe":1,"minecraft:iron_axe":1,"minecraft:iron_pickaxe":7,"minecraft:iron_helmet":2},"minecraft:killed":{"minecraft:cave_spider":55,"minecraft:witch":5,"minecraft:spider":8,"minecraft:cod":2,"minecraft:skeleton":21,"minecraft:chicken":2,"minecraft:pig":1,"minecraft:creeper":8,"minecraft:sheep":4,"minecraft:pillager":32,"minecraft:zombie":28,"minecraft:glow_squid":1,"minecraft:cow":14,"minecraft:evoker":5,"minecraft:vex":8,"minecraft:vindicator":11,"minecraft:slime":34,"minecraft:phantom":3,"minecraft:husk":30,"minecraft:ravager":2,"minecraft:hoglin":32,"minecraft:wither_skeleton":33},"minecraft:picked_up":{"minecraft:iron_chestplate":1,"minecraft:birch_door":4,"minecraft:wheat":10,"minecraft:lead":2,"minecraft:oak_stairs":1,"minecraft:potion":1,"minecraft:polished_deepslate_wall":1,"minecraft:polished_deepslate":1,"minecraft:string":301,"minecraft:dark_oak_trapdoor":1,"minecraft:raw_copper":79,"minecraft:red_nether_bricks":15,"minecraft:iron_leggings":1,"minecraft:beetroot":1,"minecraft:cobbled_deepslate":166,"minecraft:spruce_planks":40,"minecraft:rose_bush":1,"minecraft:cobblestone_slab":79,"minecraft:calcite":22,"minecraft:iron_pickaxe":2,"minecraft:melon_slice":6,"minecraft:smooth_quartz_stairs":8,"minecraft:furnace":1,"minecraft:iron_boots":1,"minecraft:blue_wool":1,"minecraft:stick":86,"minecraft:jungle_door":1,"minecraft:birch_trapdoor":1,"minecraft:oak_fence":17,"minecraft:torch":252,"minecraft:acacia_log":1,"minecraft:spruce_stairs":51,"minecraft:porkchop":52,"minecraft:pointed_dripstone":24,"minecraft:diorite":127,"minecraft:golden_chestplate":3,"minecraft:cactus":8,"minecraft:rotten_flesh":35,"minecraft:iron_block":2,"minecraft:cyan_terracotta":4,"minecraft:obsidian":3,"minecraft:cobblestone":1574,"minecraft:birch_log":36,"minecraft:feather":2,"minecraft:lilac":4,"minecraft:repeater":2,"minecraft:andesite":97,"minecraft:water_bucket":8,"minecraft:jungle_log":15,"minecraft:brown_wool":1,"minecraft:jungle_wood":10,"minecraft:smoker":2,"minecraft:potato":25,"minecraft:lapis_lazuli":73,"minecraft:mangrove_slab":1,"minecraft:dirt":601,"minecraft:lantern":3,"minecraft:mangrove_fence":1,"minecraft:bone":58,"morevillagers:oceanography_table":1,"minecraft:acacia_planks":89,"minecraft:bow":1,"minecraft:stonecutter":1,"minecraft:wheat_seeds":48,"minecraft:raw_gold":15,"minecraft:cobbled_deepslate_slab":5,"minecraft:bell":1,"minecraft:fletching_table":3,"minecraft:glowstone_dust":1,"minecraft:bamboo":333,"minecraft:moss_block":11,"minecraft:oak_planks":230,"minecraft:stripped_acacia_wood":16,"minecraft:sand":241,"minecraft:jungle_planks":3,"minecraft:stripped_spruce_log":2,"minecraft:granite_slab":7,"minecraft:jungle_slab":3,"minecraft:dark_oak_log":14,"minecraft:orange_wool":6,"minecraft:dark_prismarine":24,"minecraft:blue_terracotta":1,"minecraft:sugar":3,"minecraft:crossbow":1,"minecraft:granite":85,"minecraft:golden_apple":31,"minecraft:emerald":30,"minecraft:bread":3,"minecraft:light_gray_carpet":2,"minecraft:oak_sapling":39,"minecraft:netherrack":56,"minecraft:andesite_slab":53,"minecraft:crimson_roots":3,"minecraft:diamond_pickaxe":2,"minecraft:charcoal":2,"minecraft:waxed_oxidized_cut_copper":57,"minecraft:crafting_table":24,"minecraft:sandstone_slab":554,"minecraft:chicken":2,"minecraft:clay_ball":16,"minecraft:leather_leggings":2,"minecraft:brown_mushroom":1,"minecraft:diorite_slab":100,"minecraft:gold_block":1,"usefulbackpacks:backpack_medium":1,"minecraft:cyan_carpet":5,"minecraft:netherite_sword":1,"minecraft:beef":26,"minecraft:jungle_sapling":1,"minecraft:player_head":4,"minecraft:chest":1,"minecraft:observer":6,"minecraft:spruce_slab":1,"minecraft:sugar_cane":8,"minecraft:birch_sapling":4,"minecraft:egg":5,"minecraft:raw_iron":187,"minecraft:sandstone":413,"minecraft:stripped_mangrove_wood":4,"minecraft:spruce_fence":1,"minecraft:stone_button":1,"minecraft:carrot":19,"minecraft:redstone":54,"minecraft:mangrove_trapdoor":2,"minecraft:dark_oak_planks":72,"minecraft:arrow":49,"minecraft:beetroot_seeds":3,"minecraft:diamond_boots":2,"minecraft:hay_block":55,"minecraft:saddle":2,"minecraft:totem_of_undying":5,"minecraft:mutton":4,"minecraft:white_wool":19,"minecraft:stripped_oak_log":28,"minecraft:netherite_boots":1,"minecraft:glow_ink_sac":7,"minecraft:tripwire_hook":5,"minecraft:cut_sandstone":1,"minecraft:leather":29,"minecraft:acacia_wood":50,"minecraft:filled_map":1,"minecraft:birch_planks":23,"minecraft:oak_log":304,"minecraft:gunpowder":3,"minecraft:white_banner":6,"minecraft:orange_terracotta":2,"minecraft:smooth_sandstone":7,"minecraft:apple":3,"minecraft:gray_carpet":8,"minecraft:kelp":8,"minecraft:spore_blossom":3,"minecraft:iron_ingot":1,"minecraft:stone_pickaxe":1,"minecraft:stripped_oak_wood":1,"minecraft:glass_bottle":2,"minecraft:iron_sword":3,"minecraft:oxidized_cut_copper":1,"minecraft:acacia_sapling":1,"minecraft:dark_oak_stairs":1,"minecraft:oak_slab":2,"minecraft:warped_fungus":1,"minecraft:milk_bucket":1,"minecraft:birch_boat":2,"minecraft:pumpkin":2,"minecraft:sweet_berries":1,"minecraft:stone_brick_slab":1,"minecraft:quartz":18,"minecraft:spyglass":1,"minecraft:dripstone_block":17,"minecraft:gravel":25,"minecraft:spruce_sapling":6,"minecraft:red_banner":1,"minecraft:blast_furnace":16,"minecraft:white_bed":26,"minecraft:spruce_log":153,"minecraft:crying_obsidian":5,"minecraft:spruce_door":1,"minecraft:spider_eye":20,"usefulbackpacks:backpack_large":5,"minecraft:slime_ball":48,"minecraft:scute":3,"minecraft:diamond_axe":3,"minecraft:mossy_cobblestone_stairs":1,"minecraft:waxed_oxidized_cut_copper_slab":22,"minecraft:baked_potato":1,"minecraft:coal":388,"minecraft:hopper":1},"minecraft:killed_by":{"minecraft:wither_skeleton":13,"minecraft:vindicator":16,"minecraft:cave_spider":6,"minecraft:witch":3,"minecraft:zombie":1,"minecraft:vex":3,"minecraft:husk":6,"minecraft:hoglin":4,"minecraft:skeleton":1}},"DataVersion":3465}