{"stats":{"minecraft:used":{"minecraft:stone_sword":242,"minecraft:poppy":2,"minecraft:chest":3,"minecraft:shield":54,"minecraft:iron_sword":25,"minecraft:iron_chestplate":4,"minecraft:torch":67,"minecraft:birch_pressure_plate":1,"minecraft:dirt":43,"minecraft:carrot":5,"minecraft:iron_axe":538,"minecraft:iron_helmet":1,"minecraft:iron_boots":1,"minecraft:furnace":4,"minecraft:iron_leggings":1,"minecraft:cooked_mutton":8,"minecraft:diorite":67,"minecraft:birch_planks":5,"minecraft:cyan_candle":4,"minecraft:stone_pickaxe":768,"minecraft:ender_pearl":1,"minecraft:wooden_pickaxe":59,"minecraft:birch_boat":6,"minecraft:crafting_table":10,"minecraft:white_bed":5,"minecraft:cake":1,"minecraft:cyan_bed":16,"minecraft:bread":16,"minecraft:cyan_carpet":1,"minecraft:iron_pickaxe":550,"minecraft:stone_axe":128,"minecraft:cobblestone":346,"minecraft:cooked_porkchop":19,"minecraft:birch_log":1,"minecraft:pumpkin_pie":6,"minecraft:wither_rose":1},"minecraft:broken":{"minecraft:stone_sword":1,"minecraft:wooden_pickaxe":1,"minecraft:stone_pickaxe":4,"minecraft:iron_axe":3,"minecraft:stone_axe":1,"minecraft:iron_pickaxe":1},"minecraft:mined":{"minecraft:dark_oak_planks":16,"minecraft:white_bed":8,"minecraft:sculk_vein":1,"minecraft:red_nether_bricks":40,"minecraft:stripped_birch_log":1,"minecraft:spruce_trapdoor":1,"minecraft:glow_lichen":1,"minecraft:granite":34,"minecraft:grass_block":47,"minecraft:mangrove_fence":2,"minecraft:oxeye_daisy":1,"minecraft:spawner":5,"minecraft:hay_block":15,"minecraft:black_stained_glass_pane":4,"minecraft:furnace":1,"minecraft:dark_oak_trapdoor":2,"minecraft:iron_ore":61,"minecraft:waxed_oxidized_cut_copper_slab":1,"minecraft:andesite":16,"minecraft:stripped_dark_oak_wood":4,"minecraft:peony":8,"minecraft:dark_oak_stairs":2,"minecraft:polished_deepslate":1,"minecraft:bookshelf":1,"minecraft:smooth_quartz_stairs":25,"minecraft:stripped_mangrove_wood":9,"minecraft:stone":605,"minecraft:player_head":1,"minecraft:birch_pressure_plate":1,"minecraft:spruce_slab":1,"minecraft:mangrove_stairs":1,"minecraft:polished_deepslate_stairs":1,"minecraft:stripped_dark_oak_log":1,"minecraft:dandelion":1,"minecraft:cornflower":1,"minecraft:torch":5,"minecraft:calcite":27,"minecraft:poppy":6,"minecraft:rose_bush":15,"minecraft:nether_brick_slab":5,"minecraft:copper_ore":25,"minecraft:tall_grass":2,"minecraft:cobblestone":58,"minecraft:cyan_bed":18,"minecraft:sculk":6,"minecraft:diorite":136,"minecraft:wall_torch":4,"minecraft:spruce_stairs":2,"minecraft:black_stained_glass":4,"minecraft:birch_planks":1,"minecraft:red_candle":1,"minecraft:dark_oak_slab":2,"minecraft:birch_log":43,"minecraft:birch_leaves":27,"minecraft:birch_door":3,"minecraft:yellow_glazed_terracotta":1,"minecraft:wither_rose":1,"minecraft:white_wall_banner":1,"minecraft:grass":22,"minecraft:coal_ore":148,"minecraft:oak_log":8,"minecraft:cyan_carpet":6,"minecraft:sand":1,"minecraft:gravel":3,"minecraft:dripstone_block":7,"minecraft:dirt":73,"minecraft:cyan_candle":3,"minecraft:gold_ore":7,"minecraft:oak_leaves":7},"minecraft:picked_up":{"minecraft:birch_door":3,"minecraft:crafting_table":6,"minecraft:iron_chestplate":5,"minecraft:chicken":8,"minecraft:chest_minecart":1,"minecraft:smithing_table":1,"minecraft:lead":2,"minecraft:wooden_pickaxe":1,"minecraft:wither_rose":1,"minecraft:potion":1,"minecraft:shield":9,"minecraft:polished_deepslate":1,"minecraft:cornflower":1,"minecraft:dark_oak_trapdoor":4,"minecraft:iron_axe":5,"minecraft:raw_copper":99,"minecraft:red_nether_bricks":39,"minecraft:iron_leggings":6,"minecraft:armor_stand":1,"minecraft:cyan_carpet":23,"minecraft:beetroot":10,"minecraft:activator_rail":5,"minecraft:cobbled_deepslate":10,"minecraft:beef":10,"minecraft:calcite":34,"minecraft:rose_bush":14,"minecraft:player_head":6,"minecraft:spruce_slab":1,"minecraft:poppy":6,"minecraft:iron_pickaxe":9,"minecraft:light_gray_wool":1,"minecraft:spruce_trapdoor":2,"minecraft:chest":1,"minecraft:birch_sapling":1,"minecraft:smooth_quartz_stairs":18,"minecraft:iron_boots":8,"minecraft:furnace":5,"minecraft:egg":4,"minecraft:stick":92,"minecraft:raw_iron":60,"minecraft:stripped_mangrove_wood":6,"minecraft:oak_fence":2,"minecraft:torch":238,"minecraft:spruce_stairs":3,"minecraft:porkchop":19,"minecraft:cake":7,"minecraft:diorite":144,"minecraft:carrot":44,"minecraft:dark_oak_planks":31,"minecraft:stone_sword":1,"minecraft:arrow":173,"minecraft:mangrove_stairs":1,"minecraft:rotten_flesh":46,"minecraft:pumpkin_pie":4,"minecraft:peony":8,"minecraft:hay_block":62,"minecraft:stripped_dark_oak_wood":5,"minecraft:gold_ingot":2,"minecraft:glistering_melon_slice":15,"minecraft:mutton":16,"minecraft:white_wool":15,"minecraft:rail":15,"minecraft:cobblestone":895,"minecraft:oxeye_daisy":1,"minecraft:birch_log":53,"minecraft:leather_chestplate":1,"minecraft:feather":9,"minecraft:birch_slab":24,"minecraft:andesite":18,"minecraft:brown_wool":1,"minecraft:leather":24,"minecraft:birch_planks":260,"minecraft:flint":1,"minecraft:yellow_glazed_terracotta":1,"minecraft:tuff":4,"minecraft:oak_log":8,"minecraft:dirt":123,"minecraft:stripped_birch_log":1,"minecraft:white_banner":1,"minecraft:mangrove_fence":2,"minecraft:birch_pressure_plate":1,"minecraft:cooked_mutton":7,"minecraft:bone":95,"minecraft:apple":36,"minecraft:wheat_seeds":6,"minecraft:raw_gold":7,"minecraft:stone_pickaxe":1,"minecraft:iron_ingot":108,"minecraft:cooked_chicken":36,"minecraft:cyan_candle":5,"minecraft:iron_sword":7,"minecraft:oak_planks":5,"minecraft:dark_oak_stairs":4,"minecraft:dark_oak_slab":12,"minecraft:cooked_porkchop":26,"minecraft:birch_boat":9,"minecraft:dandelion":1,"minecraft:dripstone_block":11,"minecraft:gravel":7,"minecraft:sand":1,"minecraft:amethyst_shard":12,"minecraft:nether_brick_slab":8,"minecraft:blast_furnace":3,"minecraft:white_bed":7,"minecraft:grass_block":3,"minecraft:cyan_bed":18,"minecraft:spider_eye":2,"minecraft:stone_axe":4,"minecraft:iron_helmet":7,"minecraft:granite":35,"minecraft:golden_apple":1,"minecraft:spruce_sign":6,"minecraft:emerald":2,"minecraft:bread":138,"minecraft:waxed_oxidized_cut_copper_slab":4,"minecraft:stripped_dark_oak_log":1,"minecraft:damaged_anvil":3,"minecraft:black_wool":8,"minecraft:coal":170,"minecraft:ender_pearl":2},"minecraft:crafted":{"minecraft:oak_planks":32,"minecraft:birch_boat":2,"minecraft:furnace":1,"minecraft:cooked_mutton":6,"minecraft:iron_boots":2,"minecraft:iron_axe":4,"minecraft:stone_pickaxe":8,"minecraft:chest":4,"minecraft:cooked_beef":9,"minecraft:cooked_porkchop":11,"minecraft:crafting_table":8,"minecraft:iron_helmet":2,"minecraft:wooden_pickaxe":1,"minecraft:iron_sword":2,"minecraft:birch_pressure_plate":1,"minecraft:copper_ingot":6,"minecraft:birch_planks":208,"minecraft:stone_axe":2,"minecraft:air":0,"minecraft:iron_chestplate":3,"minecraft:shield":6,"minecraft:stick":104,"minecraft:iron_ingot":94,"minecraft:iron_pickaxe":4,"minecraft:stone_sword":2,"minecraft:iron_leggings":2,"minecraft:gold_ingot":7,"minecraft:torch":72},"minecraft:killed":{"minecraft:spider":2,"minecraft:skeleton":40,"minecraft:chicken":8,"minecraft:husk":6,"minecraft:pig":8,"minecraft:zombie_villager":1,"minecraft:bat":1,"minecraft:wandering_trader":1,"minecraft:sheep":6,"minecraft:trader_llama":2,"minecraft:pillager":5,"minecraft:goat":1,"minecraft:zombie":16,"minecraft:enderman":2,"minecraft:cow":4},"minecraft:custom":{"minecraft:mob_kills":103,"minecraft:interact_with_crafting_table":55,"minecraft:open_barrel":22,"minecraft:eat_cake_slice":6,"minecraft:leave_game":7,"minecraft:time_since_death":13710,"minecraft:climb_one_cm":5318,"minecraft:sprint_one_cm":615723,"minecraft:walk_one_cm":818837,"minecraft:damage_blocked_by_shield":3060,"minecraft:drop":70,"minecraft:talked_to_villager":1,"minecraft:play_time":262959,"minecraft:deaths":7,"minecraft:sneak_time":13275,"minecraft:walk_under_water_one_cm":28963,"minecraft:boat_one_cm":32412,"minecraft:jump":2543,"minecraft:interact_with_blast_furnace":2,"minecraft:walk_on_water_one_cm":12642,"minecraft:total_world_time":262959,"minecraft:interact_with_furnace":78,"minecraft:interact_with_loom":2,"minecraft:sleep_in_bed":4,"minecraft:time_since_rest":13757,"minecraft:damage_taken":4927,"minecraft:damage_dealt":18112,"minecraft:fly_one_cm":143607,"minecraft:swim_one_cm":11891,"minecraft:open_chest":64,"minecraft:crouch_one_cm":28836,"minecraft:fall_one_cm":41086},"minecraft:dropped":{"minecraft:bread":1,"minecraft:iron_ingot":6,"minecraft:iron_sword":3,"minecraft:birch_planks":2,"minecraft:dark_oak_stairs":2,"minecraft:porkchop":3,"minecraft:wheat_seeds":1,"minecraft:cooked_porkchop":3,"minecraft:dark_oak_slab":4,"minecraft:iron_helmet":4,"minecraft:cobblestone":61,"minecraft:lead":1,"minecraft:chest_minecart":1,"minecraft:birch_slab":24,"minecraft:emerald":1,"minecraft:oxeye_daisy":1,"minecraft:diorite":64,"minecraft:stripped_dark_oak_wood":2,"minecraft:iron_leggings":3,"minecraft:amethyst_shard":2,"minecraft:iron_pickaxe":1,"minecraft:dark_oak_planks":1,"minecraft:white_wool":2,"minecraft:cyan_carpet":16,"minecraft:dandelion":1,"minecraft:gravel":2,"minecraft:furnace":2,"minecraft:iron_boots":4,"minecraft:oak_planks":32,"minecraft:damaged_anvil":1,"minecraft:poppy":1,"minecraft:hay_block":2,"minecraft:shield":2,"minecraft:iron_chestplate":1,"minecraft:chest":1,"minecraft:spruce_slab":1},"minecraft:killed_by":{"minecraft:creeper":1,"minecraft:skeleton":6}},"DataVersion":3465}