{"stats":{"minecraft:picked_up":{"minecraft:sand":1,"minecraft:dirt":3},"minecraft:mined":{"minecraft:grass_block":1,"minecraft:sand":1,"minecraft:dirt":2},"minecraft:custom":{"minecraft:jump":13,"minecraft:time_since_rest":2809,"minecraft:damage_dealt":62,"minecraft:crouch_one_cm":57,"minecraft:leave_game":2,"minecraft:play_time":2809,"minecraft:sprint_one_cm":9326,"minecraft:damage_taken":25,"minecraft:time_since_death":2809,"minecraft:walk_one_cm":3729,"minecraft:sneak_time":28,"minecraft:total_world_time":2809,"minecraft:fly_one_cm":3018},"minecraft:used":{"minecraft:dirt":1}},"DataVersion":3465}