{"stats":{"minecraft:mined":{"minecraft:dark_oak_planks":16,"minecraft:white_bed":9,"minecraft:cobbled_deepslate_stairs":1,"minecraft:sculk_vein":1,"minecraft:red_nether_bricks":40,"minecraft:spruce_trapdoor":1,"minecraft:granite":34,"minecraft:grass_block":49,"minecraft:mangrove_fence":2,"minecraft:oxeye_daisy":1,"minecraft:spawner":5,"minecraft:dark_oak_trapdoor":2,"minecraft:iron_ore":61,"minecraft:pumpkin":1,"minecraft:stripped_dark_oak_wood":4,"minecraft:dark_oak_stairs":2,"minecraft:flowering_azalea_leaves":1,"minecraft:stripped_mangrove_wood":14,"minecraft:player_head":2,"minecraft:spruce_slab":1,"minecraft:polished_deepslate_stairs":1,"minecraft:torch":5,"minecraft:blast_furnace":2,"minecraft:calcite":27,"minecraft:poppy":6,"minecraft:melon":3,"minecraft:nether_brick_slab":5,"minecraft:spruce_wall_sign":1,"minecraft:cobblestone":60,"minecraft:cyan_bed":20,"minecraft:wall_torch":4,"minecraft:pink_petals":7,"minecraft:chain":2,"minecraft:red_candle":1,"minecraft:dark_oak_slab":2,"minecraft:birch_log":43,"minecraft:birch_trapdoor":1,"minecraft:birch_door":3,"minecraft:orange_tulip":1,"minecraft:yellow_glazed_terracotta":1,"minecraft:wither_rose":2,"minecraft:grass":48,"minecraft:oak_log":8,"minecraft:loom":1,"minecraft:sand":1,"minecraft:dirt":73,"minecraft:oak_leaves":13,"minecraft:cyan_candle":4,"minecraft:stripped_birch_log":1,"minecraft:glow_lichen":1,"minecraft:dark_oak_fence":2,"minecraft:allium":1,"minecraft:red_mushroom":1,"minecraft:hay_block":15,"minecraft:black_stained_glass_pane":4,"minecraft:furnace":1,"minecraft:waxed_oxidized_cut_copper_slab":1,"minecraft:andesite":16,"minecraft:peony":8,"minecraft:polished_deepslate":1,"minecraft:bookshelf":44,"minecraft:packed_ice":5,"minecraft:smooth_quartz_stairs":25,"minecraft:stone":661,"minecraft:white_tulip":1,"minecraft:birch_pressure_plate":1,"minecraft:mangrove_stairs":1,"minecraft:scaffolding":11,"minecraft:flowering_azalea":2,"minecraft:stripped_dark_oak_log":1,"minecraft:dandelion":2,"minecraft:crafting_table":4,"minecraft:cornflower":1,"minecraft:rose_bush":15,"minecraft:tall_grass":11,"minecraft:copper_ore":25,"minecraft:sculk":6,"minecraft:diorite":136,"minecraft:spruce_stairs":2,"minecraft:black_stained_glass":4,"minecraft:birch_planks":4,"minecraft:spruce_log":6,"minecraft:birch_leaves":27,"minecraft:white_wall_banner":1,"minecraft:coal_ore":148,"minecraft:sunflower":18,"minecraft:end_rod":1,"minecraft:gravel":3,"minecraft:cyan_carpet":6,"minecraft:dripstone_block":7,"minecraft:gold_ore":7},"minecraft:dropped":{"minecraft:iron_sword":3,"minecraft:dark_oak_stairs":2,"minecraft:porkchop":3,"minecraft:birch_planks":2,"minecraft:cooked_beef":22,"minecraft:cooked_porkchop":13,"minecraft:dark_oak_slab":4,"minecraft:chest_minecart":1,"minecraft:birch_slab":24,"minecraft:emerald":1,"minecraft:stripped_dark_oak_wood":2,"usefulbackpacks:backpack_small":1,"minecraft:chain":2,"minecraft:amethyst_shard":2,"minecraft:sunflower":17,"minecraft:glistering_melon_slice":2,"minecraft:iron_pickaxe":1,"minecraft:dark_oak_planks":1,"minecraft:white_wool":2,"minecraft:cyan_carpet":16,"minecraft:bone":3,"minecraft:gravel":2,"usefulbackpacks:backpack_large":3,"minecraft:white_tulip":1,"minecraft:rotten_flesh":2,"minecraft:oak_planks":32,"minecraft:cooked_mutton":10,"minecraft:golden_shovel":1,"minecraft:poppy":1,"minecraft:beetroot_seeds":3,"minecraft:chest":1,"minecraft:spruce_slab":1,"minecraft:iron_ingot":6,"minecraft:bread":1,"usefulbackpacks:backpack_medium":2,"minecraft:wheat_seeds":1,"minecraft:clock":1,"minecraft:iron_helmet":4,"minecraft:cobblestone":68,"minecraft:lead":1,"minecraft:coal":64,"minecraft:golden_apple":1,"minecraft:end_rod":3,"minecraft:oxeye_daisy":1,"minecraft:diorite":64,"minecraft:potion":1,"minecraft:iron_leggings":3,"minecraft:polished_deepslate":1,"minecraft:dandelion":1,"minecraft:furnace":2,"minecraft:iron_boots":4,"minecraft:damaged_anvil":1,"minecraft:spruce_fence":1,"minecraft:hay_block":2,"minecraft:shield":2,"minecraft:iron_chestplate":1,"minecraft:stone_pickaxe":1},"minecraft:used":{"minecraft:poppy":2,"minecraft:chest":3,"minecraft:shield":68,"minecraft:iron_sword":330,"minecraft:iron_chestplate":4,"minecraft:birch_pressure_plate":1,"minecraft:carrot":5,"minecraft:iron_helmet":1,"minecraft:scaffolding":10,"minecraft:furnace":4,"minecraft:diorite":67,"minecraft:stone_pickaxe":768,"minecraft:ender_pearl":1,"minecraft:wooden_pickaxe":59,"minecraft:cookie":1,"minecraft:blast_furnace":5,"minecraft:crossbow":13,"minecraft:bread":57,"minecraft:cyan_bed":18,"minecraft:cyan_carpet":1,"minecraft:birch_log":1,"minecraft:stone_sword":242,"minecraft:spruce_planks":26,"minecraft:torch":67,"minecraft:dirt":44,"minecraft:spyglass":70,"minecraft:flowering_azalea":1,"minecraft:iron_axe":538,"minecraft:iron_boots":1,"minecraft:iron_leggings":1,"minecraft:cooked_mutton":8,"minecraft:snow_block":8,"minecraft:birch_planks":12,"minecraft:cyan_candle":4,"minecraft:birch_boat":8,"minecraft:crafting_table":14,"minecraft:white_bed":7,"minecraft:cake":2,"minecraft:sunflower":2,"minecraft:iron_pickaxe":627,"minecraft:stone_axe":192,"minecraft:cobblestone":401,"minecraft:cooked_porkchop":19,"minecraft:pumpkin_pie":6,"minecraft:wither_rose":1},"minecraft:custom":{"minecraft:interact_with_crafting_table":67,"minecraft:open_barrel":37,"minecraft:bell_ring":1,"minecraft:eat_cake_slice":17,"minecraft:leave_game":8,"minecraft:time_since_death":177184,"minecraft:sprint_one_cm":1032407,"minecraft:damage_blocked_by_shield":3750,"minecraft:drop":105,"minecraft:talked_to_villager":12,"minecraft:play_time":426433,"minecraft:deaths":7,"minecraft:jump":4777,"minecraft:walk_on_water_one_cm":29421,"minecraft:interact_with_furnace":106,"minecraft:interact_with_cartography_table":1,"minecraft:interact_with_loom":3,"minecraft:sleep_in_bed":10,"minecraft:damage_dealt":24308,"minecraft:crouch_one_cm":31570,"minecraft:interact_with_smoker":18,"minecraft:interact_with_smithing_table":4,"minecraft:mob_kills":157,"minecraft:climb_one_cm":36232,"minecraft:walk_one_cm":1230314,"minecraft:sneak_time":14338,"minecraft:walk_under_water_one_cm":37978,"minecraft:boat_one_cm":87942,"minecraft:interact_with_blast_furnace":16,"minecraft:total_world_time":426433,"minecraft:interact_with_stonecutter":1,"minecraft:time_since_rest":14909,"minecraft:damage_taken":6439,"minecraft:swim_one_cm":18843,"minecraft:fly_one_cm":461189,"minecraft:open_chest":162,"minecraft:fall_one_cm":91105},"minecraft:crafted":{"minecraft:oak_planks":32,"minecraft:birch_boat":3,"usefulbackpacks:backpack_small":2,"minecraft:cooked_mutton":26,"minecraft:iron_boots":2,"minecraft:chest":4,"minecraft:cooked_porkchop":31,"minecraft:crafting_table":9,"minecraft:spruce_planks":24,"minecraft:wooden_pickaxe":1,"minecraft:iron_helmet":2,"minecraft:birch_pressure_plate":1,"minecraft:copper_ingot":6,"minecraft:birch_planks":208,"minecraft:iron_chestplate":3,"minecraft:shield":6,"minecraft:stick":104,"usefulbackpacks:backpack_large":2,"minecraft:iron_ingot":120,"minecraft:iron_pickaxe":4,"minecraft:stone_sword":2,"minecraft:snow_block":8,"minecraft:gold_ingot":19,"minecraft:furnace":1,"minecraft:iron_axe":4,"minecraft:stone_pickaxe":8,"usefulbackpacks:backpack_medium":2,"minecraft:wheat":36,"minecraft:cooked_beef":52,"minecraft:iron_sword":3,"minecraft:stone_axe":2,"minecraft:bread":14,"minecraft:air":0,"minecraft:golden_apple":2,"minecraft:iron_leggings":2,"minecraft:torch":72},"minecraft:broken":{"minecraft:stone_pickaxe":4,"minecraft:stone_axe":1,"minecraft:stone_sword":1,"minecraft:wooden_pickaxe":1,"minecraft:iron_axe":3,"minecraft:iron_pickaxe":1},"minecraft:killed":{"minecraft:spider":5,"minecraft:skeleton":46,"minecraft:chicken":8,"minecraft:pig":15,"minecraft:zombie_villager":1,"minecraft:sheep":18,"minecraft:trader_llama":2,"minecraft:pillager":12,"minecraft:goat":1,"minecraft:zombie":19,"minecraft:cow":20,"minecraft:husk":6,"minecraft:bat":1,"minecraft:wandering_trader":1,"minecraft:enderman":2},"minecraft:picked_up":{"minecraft:birch_door":3,"minecraft:iron_chestplate":6,"minecraft:wheat":4,"minecraft:smithing_table":1,"minecraft:lead":2,"minecraft:wither_rose":1,"minecraft:potion":1,"minecraft:golden_shovel":1,"minecraft:polished_deepslate":2,"minecraft:dark_oak_trapdoor":4,"minecraft:string":13,"minecraft:raw_copper":99,"minecraft:red_nether_bricks":39,"minecraft:iron_leggings":7,"minecraft:beetroot_soup":1,"minecraft:armor_stand":1,"minecraft:pufferfish":1,"minecraft:beetroot":10,"minecraft:activator_rail":5,"minecraft:cobbled_deepslate":10,"minecraft:spruce_planks":2,"minecraft:white_tulip":1,"minecraft:rose_bush":14,"minecraft:calcite":34,"minecraft:iron_pickaxe":9,"minecraft:smooth_quartz_stairs":18,"minecraft:furnace":5,"minecraft:iron_boots":9,"minecraft:stick":92,"minecraft:birch_trapdoor":1,"minecraft:oak_fence":2,"minecraft:torch":238,"minecraft:spruce_stairs":3,"minecraft:porkchop":33,"minecraft:diorite":144,"minecraft:stone_sword":1,"minecraft:mangrove_stairs":1,"minecraft:rotten_flesh":48,"minecraft:end_rod":3,"minecraft:snowball":45,"minecraft:cobblestone":954,"minecraft:birch_log":53,"minecraft:pink_petals":11,"minecraft:leather_chestplate":2,"minecraft:feather":9,"minecraft:birch_slab":24,"minecraft:andesite":18,"minecraft:brown_wool":7,"minecraft:golden_leggings":1,"minecraft:potato":3,"minecraft:flint":1,"minecraft:tuff":4,"minecraft:stripped_birch_log":1,"minecraft:dirt":124,"minecraft:mangrove_fence":2,"minecraft:leather_boots":1,"minecraft:bone":105,"minecraft:orange_tulip":1,"minecraft:wheat_seeds":72,"minecraft:raw_gold":7,"minecraft:cyan_candle":8,"minecraft:oak_planks":5,"minecraft:cooked_porkchop":26,"minecraft:sand":1,"minecraft:loom":1,"minecraft:grass_block":3,"minecraft:cyan_bed":19,"minecraft:crossbow":1,"minecraft:granite":35,"minecraft:golden_apple":1,"minecraft:bread":138,"minecraft:spruce_sign":6,"minecraft:emerald":9,"minecraft:chainmail_helmet":2,"minecraft:dark_oak_fence":2,"minecraft:crafting_table":11,"minecraft:allium":1,"minecraft:chicken":8,"minecraft:chest_minecart":1,"minecraft:wooden_pickaxe":1,"usefulbackpacks:backpack_medium":2,"minecraft:chain":4,"minecraft:shield":10,"minecraft:cornflower":1,"minecraft:iron_axe":5,"minecraft:white_carpet":7,"minecraft:cyan_carpet":23,"usefulbackpacks:backpack_small":1,"minecraft:beef":55,"minecraft:player_head":7,"minecraft:poppy":6,"minecraft:spruce_slab":1,"minecraft:light_gray_wool":3,"minecraft:chest":1,"minecraft:birch_sapling":1,"minecraft:spruce_trapdoor":2,"minecraft:egg":9,"minecraft:raw_iron":60,"minecraft:stripped_mangrove_wood":11,"minecraft:spruce_fence":1,"minecraft:cake":7,"minecraft:carrot":44,"minecraft:dark_oak_planks":31,"minecraft:arrow":180,"minecraft:beetroot_seeds":3,"minecraft:pumpkin_pie":4,"minecraft:peony":8,"minecraft:hay_block":66,"minecraft:stripped_dark_oak_wood":5,"minecraft:black_banner":1,"minecraft:glistering_melon_slice":15,"minecraft:gold_ingot":2,"minecraft:mutton":32,"minecraft:white_wool":76,"minecraft:rail":15,"minecraft:oxeye_daisy":1,"minecraft:leather":58,"minecraft:birch_planks":263,"minecraft:oak_log":8,"minecraft:yellow_glazed_terracotta":1,"minecraft:cobbled_deepslate_stairs":1,"minecraft:white_banner":1,"minecraft:birch_pressure_plate":1,"minecraft:cooked_mutton":7,"minecraft:apple":43,"minecraft:stone_pickaxe":1,"minecraft:iron_ingot":108,"minecraft:cooked_chicken":36,"minecraft:flowering_azalea":2,"minecraft:iron_sword":8,"minecraft:dark_oak_stairs":4,"minecraft:book":123,"minecraft:scaffolding":12,"minecraft:dark_oak_slab":12,"minecraft:birch_boat":11,"minecraft:pumpkin":1,"minecraft:dandelion":2,"minecraft:spyglass":1,"minecraft:dripstone_block":11,"minecraft:gravel":7,"minecraft:amethyst_shard":12,"minecraft:blast_furnace":7,"minecraft:white_bed":7,"minecraft:spruce_log":6,"minecraft:nether_brick_slab":8,"minecraft:spider_eye":3,"usefulbackpacks:backpack_large":2,"minecraft:leather_helmet":1,"minecraft:stone_axe":4,"minecraft:chainmail_leggings":1,"minecraft:iron_helmet":8,"minecraft:gray_wool":13,"minecraft:waxed_oxidized_cut_copper_slab":4,"minecraft:damaged_anvil":3,"minecraft:black_wool":14,"minecraft:stripped_dark_oak_log":1,"minecraft:coal":206,"minecraft:sunflower":21,"minecraft:ender_pearl":2},"minecraft:killed_by":{"minecraft:creeper":1,"minecraft:skeleton":6}},"DataVersion":3465}