{"stats":{"minecraft:custom":{"minecraft:jump":41,"minecraft:time_since_rest":5832,"minecraft:damage_dealt":62,"minecraft:damage_taken":55,"minecraft:leave_game":4,"minecraft:crouch_one_cm":57,"minecraft:play_time":5832,"minecraft:sprint_one_cm":16987,"minecraft:time_since_death":5832,"minecraft:walk_on_water_one_cm":514,"minecraft:walk_one_cm":6384,"minecraft:sneak_time":28,"minecraft:total_world_time":5832,"minecraft:fall_one_cm":778,"minecraft:fly_one_cm":4827},"minecraft:used":{"minecraft:dirt":11},"minecraft:mined":{"minecraft:grass_block":5,"minecraft:birch_leaves":1,"minecraft:sand":1,"minecraft:dirt":7},"minecraft:picked_up":{"minecraft:sand":1,"minecraft:dirt":12}},"DataVersion":3465}