{"stats":{"minecraft:custom":{"minecraft:jump":77,"minecraft:time_since_rest":9668,"minecraft:damage_dealt":62,"minecraft:damage_taken":55,"minecraft:leave_game":5,"minecraft:crouch_one_cm":57,"minecraft:play_time":9668,"minecraft:sprint_one_cm":17023,"minecraft:time_since_death":9668,"minecraft:walk_on_water_one_cm":582,"minecraft:walk_one_cm":8035,"minecraft:sneak_time":28,"minecraft:total_world_time":9668,"minecraft:walk_under_water_one_cm":208,"minecraft:fall_one_cm":778,"minecraft:fly_one_cm":5052},"minecraft:picked_up":{"minecraft:sand":1,"minecraft:dirt":20},"minecraft:mined":{"minecraft:grass_block":6,"minecraft:birch_leaves":2,"minecraft:sand":1,"minecraft:dirt":14},"minecraft:used":{"minecraft:dirt":20}},"DataVersion":3465}