{"stats":{"minecraft:broken":{"minecraft:iron_shovel":2,"minecraft:iron_boots":1,"minecraft:iron_chestplate":1,"minecraft:iron_leggings":1,"minecraft:stone_pickaxe":8,"minecraft:golden_sword":1,"minecraft:stone_axe":2,"minecraft:iron_sword":3,"minecraft:wooden_axe":2,"minecraft:golden_axe":1,"minecraft:iron_axe":2,"minecraft:iron_pickaxe":1,"minecraft:iron_helmet":1},"minecraft:picked_up":{"minecraft:wooden_axe":2,"minecraft:birch_door":3,"minecraft:iron_chestplate":1,"minecraft:flower_pot":1,"minecraft:anvil":1,"minecraft:smithing_table":1,"minecraft:lead":6,"minecraft:oak_stairs":2,"minecraft:potion":3,"minecraft:stone_brick_stairs":1,"minecraft:brewing_stand":1,"minecraft:amethyst_block":6,"minecraft:polished_deepslate":1,"minecraft:string":210,"minecraft:dark_oak_trapdoor":3,"minecraft:raw_copper":76,"minecraft:cooked_salmon":1,"minecraft:red_nether_bricks":19,"minecraft:iron_leggings":1,"minecraft:sea_pickle":3,"minecraft:smooth_stone":2,"minecraft:cobbled_deepslate":239,"minecraft:bucket":1,"minecraft:spruce_planks":4,"minecraft:cobblestone_slab":72,"minecraft:calcite":22,"minecraft:iron_pickaxe":1,"minecraft:melon_slice":1,"minecraft:smooth_quartz_stairs":18,"minecraft:iron_boots":1,"minecraft:golden_helmet":1,"minecraft:stick":8,"minecraft:birch_trapdoor":3,"minecraft:oak_fence":12,"minecraft:torch":201,"minecraft:acacia_log":22,"minecraft:spruce_stairs":5,"minecraft:sandstone_wall":2,"minecraft:porkchop":24,"minecraft:pointed_dripstone":93,"minecraft:diorite":21,"minecraft:green_banner":1,"minecraft:stone_sword":1,"minecraft:rotten_flesh":250,"minecraft:iron_block":2,"minecraft:obsidian":3,"minecraft:cobblestone":1550,"minecraft:enchanting_table":3,"minecraft:cooked_beef":2,"minecraft:feather":2,"minecraft:water_bucket":3,"minecraft:andesite":34,"minecraft:brown_wool":6,"minecraft:smoker":3,"minecraft:potato":3,"minecraft:flint":9,"minecraft:tuff":4,"minecraft:map":3,"minecraft:mangrove_slab":4,"minecraft:lapis_lazuli":122,"minecraft:dirt":307,"minecraft:twisting_vines":1,"minecraft:bone":46,"morevillagers:oceanography_table":2,"minecraft:stonecutter":3,"minecraft:bow":4,"minecraft:wheat_seeds":57,"minecraft:raw_gold":36,"minecraft:cobbled_deepslate_slab":2,"minecraft:bell":1,"minecraft:grindstone":1,"minecraft:glowstone_dust":1,"minecraft:fletching_table":4,"minecraft:cyan_candle":3,"minecraft:bamboo":505,"minecraft:oak_planks":213,"minecraft:sand":483,"minecraft:granite_slab":1,"minecraft:dark_oak_log":10,"minecraft:orange_wool":1,"minecraft:diamond":19,"minecraft:crossbow":8,"minecraft:granite":97,"minecraft:golden_apple":53,"minecraft:emerald":38,"minecraft:diamond_pickaxe":1,"morevillagers:blueprint_table":1,"minecraft:oak_sapling":5,"minecraft:andesite_slab":4,"minecraft:waxed_oxidized_cut_copper":36,"minecraft:crafting_table":8,"minecraft:sandstone_slab":66,"minecraft:chicken":2,"minecraft:ladder":4,"minecraft:golden_pickaxe":1,"minecraft:diorite_slab":13,"minecraft:gold_block":1,"usefulbackpacks:backpack_medium":1,"morevillagers:woodworking_table":1,"minecraft:stone_stairs":1,"minecraft:iron_axe":2,"minecraft:white_carpet":5,"minecraft:cyan_carpet":3,"morevillagers:gardening_table":1,"minecraft:cartography_table":1,"minecraft:beef":145,"minecraft:oak_boat":7,"minecraft:player_head":1,"minecraft:light_gray_wool":3,"minecraft:lectern":2,"minecraft:chest":5,"minecraft:egg":12,"minecraft:stripped_mangrove_wood":9,"minecraft:raw_iron":103,"minecraft:sandstone":401,"minecraft:carrot":8,"minecraft:redstone":116,"minecraft:dark_oak_planks":34,"minecraft:arrow":96,"minecraft:hay_block":11,"minecraft:stripped_dark_oak_wood":2,"minecraft:yellow_terracotta":1,"minecraft:totem_of_undying":7,"minecraft:black_banner":3,"minecraft:mutton":91,"minecraft:rail":42,"minecraft:white_wool":134,"minecraft:glow_ink_sac":1,"minecraft:tripwire_hook":1,"minecraft:cut_sandstone":6,"minecraft:leather":85,"minecraft:filled_map":2,"minecraft:crimson_fungus":1,"minecraft:oak_log":135,"minecraft:chainmail_chestplate":1,"minecraft:yellow_bed":1,"minecraft:gunpowder":8,"minecraft:blue_bed":3,"minecraft:white_banner":7,"minecraft:orange_terracotta":5,"minecraft:cooked_mutton":22,"minecraft:light_blue_banner":1,"minecraft:stone_bricks":3,"minecraft:apple":18,"minecraft:gray_carpet":8,"minecraft:spore_blossom":1,"minecraft:iron_ingot":1,"minecraft:stone_pickaxe":1,"minecraft:glass_bottle":3,"minecraft:iron_sword":3,"minecraft:oxidized_cut_copper":1,"minecraft:acacia_sapling":1,"minecraft:dark_oak_stairs":6,"minecraft:book":242,"minecraft:milk_bucket":1,"minecraft:smooth_basalt":5,"minecraft:dark_oak_slab":1,"minecraft:birch_boat":3,"minecraft:pumpkin":4,"minecraft:dripstone_block":21,"minecraft:gravel":42,"minecraft:amethyst_shard":20,"minecraft:red_banner":2,"minecraft:blast_furnace":2,"minecraft:white_bed":18,"minecraft:spruce_log":3,"minecraft:nether_brick_slab":1,"minecraft:spider_eye":7,"usefulbackpacks:backpack_large":2,"minecraft:lime_banner":1,"minecraft:iron_helmet":2,"minecraft:painting":1,"minecraft:gray_wool":4,"minecraft:waxed_oxidized_cut_copper_slab":7,"minecraft:baked_potato":63,"minecraft:black_wool":5,"minecraft:coal":106,"minecraft:ender_pearl":2},"minecraft:crafted":{"minecraft:oak_planks":540,"usefulbackpacks:backpack_small":8,"minecraft:bookshelf":10,"minecraft:cooked_mutton":43,"minecraft:glass":64,"minecraft:bow":2,"minecraft:iron_boots":1,"minecraft:chest":5,"minecraft:oak_fence":42,"minecraft:emerald":27,"minecraft:arrow":336,"minecraft:cooked_porkchop":11,"minecraft:diamond_axe":4,"minecraft:crafting_table":3,"minecraft:spruce_planks":12,"minecraft:wooden_pickaxe":1,"minecraft:iron_helmet":2,"minecraft:fletching_table":1,"minecraft:cartography_table":1,"minecraft:iron_chestplate":1,"minecraft:diamond_pickaxe":2,"minecraft:shield":5,"minecraft:stick":836,"usefulbackpacks:backpack_large":8,"minecraft:iron_ingot":187,"minecraft:iron_pickaxe":4,"minecraft:iron_block":3,"minecraft:gold_ingot":11,"minecraft:shears":1,"minecraft:spyglass":2,"minecraft:furnace":10,"minecraft:iron_axe":4,"minecraft:stone_pickaxe":11,"usefulbackpacks:backpack_medium":8,"minecraft:dark_oak_planks":48,"minecraft:wheat":99,"minecraft:cooked_beef":31,"minecraft:enchanting_table":1,"minecraft:iron_sword":4,"minecraft:bucket":41,"minecraft:stone_axe":2,"minecraft:bread":12,"minecraft:air":0,"minecraft:oak_boat":1,"minecraft:oak_fence_gate":1,"minecraft:golden_apple":5,"minecraft:wooden_axe":1,"minecraft:iron_shovel":4,"minecraft:iron_leggings":1,"minecraft:anvil":1,"minecraft:white_bed":5,"minecraft:acacia_planks":88,"minecraft:torch":176},"minecraft:dropped":{"minecraft:iron_sword":3,"minecraft:diamond_axe":1,"minecraft:glass_bottle":6,"minecraft:spore_blossom":1,"morevillagers:blueprint_table":1,"minecraft:sandstone_slab":1,"minecraft:scute":3,"minecraft:flint":1,"minecraft:dirt":40,"minecraft:cut_sandstone":6,"minecraft:sand":128,"minecraft:iron_pickaxe":1,"minecraft:dark_oak_planks":31,"minecraft:blue_bed":3,"minecraft:bone":2,"minecraft:gravel":1,"usefulbackpacks:backpack_large":6,"minecraft:spyglass":1,"minecraft:iron_nugget":15,"minecraft:cobbled_deepslate":66,"minecraft:wheat":10,"minecraft:pointed_dripstone":17,"minecraft:oak_planks":173,"minecraft:sandstone_wall":2,"minecraft:chest":1,"minecraft:ladder":4,"morevillagers:woodworking_table":1,"minecraft:red_nether_bricks":2,"minecraft:egg":4,"minecraft:water_bucket":9,"minecraft:bread":3,"usefulbackpacks:backpack_medium":1,"minecraft:wheat_seeds":31,"minecraft:dripstone_block":3,"minecraft:feather":2,"minecraft:cobblestone":217,"minecraft:book":2,"morevillagers:oceanography_table":2,"minecraft:coal":22,"minecraft:golden_apple":31,"minecraft:stick":35,"minecraft:gray_wool":3,"minecraft:milk_bucket":2,"minecraft:diorite":10,"minecraft:brown_wool":1,"minecraft:map":6,"minecraft:potion":1,"minecraft:oak_stairs":1,"minecraft:stonecutter":1,"minecraft:smooth_stone":2,"minecraft:string":8,"minecraft:acacia_planks":24,"minecraft:gray_carpet":1,"minecraft:redstone":48,"minecraft:player_head":1,"minecraft:tuff":1,"minecraft:white_carpet":5,"minecraft:totem_of_undying":1,"minecraft:filled_map":1,"minecraft:potato":1,"minecraft:orange_terracotta":5,"minecraft:diamond_pickaxe":1,"minecraft:andesite":4,"minecraft:oak_sapling":4,"minecraft:waxed_oxidized_cut_copper":2,"minecraft:sandstone":137,"minecraft:stone_pickaxe":1},"minecraft:used":{"minecraft:iron_shovel":712,"minecraft:chest":9,"minecraft:shield":86,"minecraft:iron_sword":687,"minecraft:bell":1,"minecraft:honey_bottle":2,"minecraft:milk_bucket":2,"minecraft:stone_bricks":2,"minecraft:golden_sword":31,"minecraft:bow":190,"minecraft:furnace":3,"minecraft:waxed_oxidized_cut_copper_slab":4,"minecraft:stone_pickaxe":1108,"minecraft:wooden_pickaxe":34,"minecraft:sandstone":143,"minecraft:diamond_axe":1669,"minecraft:white_wool":4,"minecraft:golden_apple":3,"minecraft:sand":64,"minecraft:blast_furnace":2,"minecraft:dripstone_block":18,"morevillagers:gardening_table":1,"minecraft:bread":80,"minecraft:cyan_carpet":1,"minecraft:gravel":21,"minecraft:grindstone":1,"minecraft:smithing_table":1,"minecraft:oak_boat":7,"minecraft:diorite_slab":8,"minecraft:experience_bottle":2,"minecraft:oak_fence":18,"minecraft:stone_sword":44,"minecraft:enchanting_table":4,"minecraft:flint_and_steel":3,"minecraft:spruce_planks":1,"minecraft:torch":381,"minecraft:brewing_stand":1,"minecraft:dirt":135,"minecraft:spyglass":34,"minecraft:anvil":2,"minecraft:twisting_vines":1,"minecraft:granite":2,"minecraft:oak_fence_gate":1,"minecraft:birch_door":2,"minecraft:wooden_axe":70,"minecraft:bookshelf":5,"minecraft:iron_axe":295,"minecraft:totem_of_undying":3,"minecraft:cooked_beef":6,"minecraft:cobbled_deepslate":67,"minecraft:golden_axe":16,"minecraft:cooked_mutton":36,"minecraft:water_bucket":16,"minecraft:baked_potato":63,"minecraft:cartography_table":1,"minecraft:andesite_slab":4,"minecraft:waxed_oxidized_cut_copper":34,"minecraft:birch_boat":2,"minecraft:fletching_table":5,"minecraft:stonecutter":1,"minecraft:cobblestone_slab":41,"minecraft:crafting_table":10,"minecraft:white_bed":23,"minecraft:painting":1,"minecraft:smoker":3,"minecraft:diamond_pickaxe":1531,"minecraft:iron_pickaxe":622,"minecraft:stone_axe":157,"minecraft:cobblestone":787,"minecraft:potion":2,"minecraft:cobbled_deepslate_slab":2,"minecraft:cooked_porkchop":11,"minecraft:sandstone_slab":48,"minecraft:bucket":56},"minecraft:killed_by":{"minecraft:evoker":2,"minecraft:vindicator":5,"minecraft:zombie":1,"minecraft:vex":1,"minecraft:player":2},"minecraft:killed":{"minecraft:cave_spider":10,"minecraft:witch":5,"minecraft:spider":12,"minecraft:skeleton":35,"minecraft:chicken":2,"minecraft:pig":12,"minecraft:creeper":3,"minecraft:sheep":57,"minecraft:trader_llama":2,"minecraft:pillager":53,"minecraft:zombie":200,"minecraft:cow":73,"minecraft:evoker":2,"minecraft:vex":10,"minecraft:vindicator":10,"minecraft:husk":15,"minecraft:wandering_trader":1,"minecraft:enderman":4},"minecraft:custom":{"minecraft:animals_bred":2,"minecraft:interact_with_crafting_table":136,"minecraft:open_barrel":62,"minecraft:leave_game":6,"minecraft:time_since_death":438736,"minecraft:sprint_one_cm":1811429,"minecraft:damage_blocked_by_shield":3250,"minecraft:drop":177,"minecraft:talked_to_villager":140,"minecraft:play_time":889374,"minecraft:deaths":11,"minecraft:jump":7480,"minecraft:interact_with_brewingstand":2,"minecraft:walk_on_water_one_cm":28870,"minecraft:enchant_item":12,"minecraft:interact_with_furnace":109,"minecraft:traded_with_villager":48,"minecraft:interact_with_cartography_table":4,"minecraft:interact_with_loom":3,"minecraft:sleep_in_bed":43,"minecraft:damage_dealt":81189,"minecraft:crouch_one_cm":77995,"minecraft:interact_with_smoker":21,"minecraft:inspect_dispenser":14,"minecraft:horse_one_cm":1450927,"minecraft:interact_with_smithing_table":7,"minecraft:interact_with_anvil":14,"minecraft:mob_kills":514,"minecraft:climb_one_cm":26420,"minecraft:walk_one_cm":2525782,"minecraft:raid_win":1,"minecraft:sneak_time":31553,"minecraft:walk_under_water_one_cm":21406,"minecraft:boat_one_cm":550145,"minecraft:interact_with_blast_furnace":49,"minecraft:total_world_time":889374,"minecraft:tune_noteblock":39,"minecraft:raid_trigger":1,"minecraft:interact_with_grindstone":8,"minecraft:interact_with_stonecutter":1,"minecraft:time_since_rest":10380,"minecraft:damage_absorbed":160,"minecraft:damage_taken":13258,"minecraft:swim_one_cm":10491,"minecraft:fly_one_cm":1258295,"minecraft:open_chest":450,"minecraft:fall_one_cm":146529},"minecraft:mined":{"minecraft:dark_oak_planks":28,"minecraft:spruce_planks":4,"minecraft:white_bed":18,"minecraft:red_nether_bricks":17,"minecraft:potted_crimson_fungus":1,"minecraft:brewing_stand":1,"minecraft:obsidian":3,"minecraft:granite":99,"minecraft:budding_amethyst":1,"minecraft:acacia_log":24,"minecraft:grass_block":99,"minecraft:spawner":11,"minecraft:smooth_stone":2,"minecraft:dark_oak_trapdoor":4,"minecraft:iron_ore":46,"minecraft:cobbled_deepslate":10,"minecraft:fire":32,"minecraft:granite_slab":1,"minecraft:anvil":1,"minecraft:pumpkin":4,"minecraft:deepslate_lapis_ore":15,"minecraft:fletching_table":6,"minecraft:stripped_dark_oak_wood":2,"minecraft:enchanting_table":3,"minecraft:dark_oak_stairs":5,"minecraft:twisting_vines":1,"minecraft:pointed_dripstone":60,"minecraft:dirt_path":2,"minecraft:oak_stairs":2,"morevillagers:blueprint_table":1,"minecraft:stripped_mangrove_wood":8,"minecraft:iron_block":2,"minecraft:player_head":1,"minecraft:sandstone_slab":74,"minecraft:deepslate_redstone_ore":24,"minecraft:cut_sandstone":30,"minecraft:twisting_vines_plant":1,"minecraft:smoker":3,"minecraft:amethyst_cluster":5,"minecraft:orange_terracotta":5,"minecraft:torch":98,"minecraft:blast_furnace":2,"minecraft:calcite":14,"minecraft:chest":5,"minecraft:white_stained_glass_pane":1,"minecraft:nether_brick_slab":1,"minecraft:cobblestone":214,"minecraft:grindstone":1,"minecraft:oak_planks":10,"minecraft:smooth_sandstone_slab":1,"minecraft:light_blue_banner":1,"minecraft:wall_torch":52,"minecraft:amethyst_block":10,"minecraft:blue_terracotta":2,"minecraft:dark_oak_slab":4,"minecraft:birch_trapdoor":3,"minecraft:stone_brick_stairs":1,"minecraft:grass":153,"minecraft:oak_log":132,"minecraft:sand":483,"minecraft:dirt":121,"minecraft:sandstone_wall":3,"minecraft:smooth_basalt":5,"minecraft:tripwire_hook":1,"minecraft:stonecutter":3,"minecraft:polished_deepslate_wall":1,"minecraft:oak_leaves":27,"minecraft:cyan_candle":1,"minecraft:deepslate":306,"minecraft:yellow_terracotta":7,"minecraft:crying_obsidian":1,"minecraft:tuff":14,"minecraft:mossy_cobblestone":1,"minecraft:dark_oak_leaves":1,"minecraft:deepslate_diamond_ore":19,"minecraft:dark_oak_log":12,"minecraft:cobbled_deepslate_slab":2,"morevillagers:gardening_table":1,"minecraft:spruce_leaves":8,"minecraft:sandstone":641,"morevillagers:woodworking_table":1,"minecraft:hay_block":11,"minecraft:spore_blossom":2,"minecraft:diorite_slab":14,"minecraft:redstone_ore":3,"minecraft:waxed_oxidized_cut_copper":23,"minecraft:waxed_oxidized_cut_copper_slab":8,"minecraft:chiseled_sandstone":17,"minecraft:suspicious_sand":1,"minecraft:andesite":52,"minecraft:gold_block":1,"minecraft:polished_deepslate":1,"minecraft:bookshelf":80,"minecraft:lime_wall_banner":1,"minecraft:cobblestone_slab":8,"minecraft:deepslate_iron_ore":62,"minecraft:rail":36,"minecraft:lantern":1,"minecraft:smooth_quartz_stairs":10,"minecraft:bamboo":59,"minecraft:stone":1118,"minecraft:white_wool":4,"minecraft:smithing_table":1,"minecraft:acacia_leaves":11,"minecraft:glass_pane":1,"minecraft:stone_brick_slab":1,"minecraft:red_banner":1,"minecraft:oak_fence":6,"minecraft:crafting_table":8,"morevillagers:oceanography_table":2,"minecraft:andesite_slab":1,"minecraft:lectern":2,"minecraft:copper_ore":23,"minecraft:tall_grass":58,"minecraft:lapis_ore":4,"minecraft:deepslate_gold_ore":25,"minecraft:diorite":36,"minecraft:blue_bed":5,"minecraft:spruce_stairs":4,"minecraft:black_wall_banner":2,"minecraft:white_carpet":7,"minecraft:spruce_log":3,"minecraft:yellow_bed":1,"minecraft:mangrove_slab":2,"minecraft:coal_ore":87,"minecraft:cyan_carpet":1,"minecraft:gravel":39,"minecraft:dripstone_block":32,"minecraft:gray_carpet":13,"minecraft:cobweb":196,"minecraft:stone_bricks":3,"minecraft:gold_ore":11,"minecraft:fern":2}},"DataVersion":3465}