{"stats":{"minecraft:dropped":{"minecraft:porkchop":3},"minecraft:custom":{"minecraft:time_since_rest":14729,"minecraft:crouch_one_cm":57,"minecraft:sprint_one_cm":28441,"minecraft:play_time":14729,"minecraft:damage_taken":65,"minecraft:walk_one_cm":21912,"minecraft:sneak_time":45,"minecraft:walk_under_water_one_cm":208,"minecraft:mob_kills":1,"minecraft:drop":3,"minecraft:jump":97,"minecraft:damage_dealt":189,"minecraft:leave_game":6,"minecraft:walk_on_water_one_cm":582,"minecraft:time_since_death":14729,"minecraft:total_world_time":14729,"minecraft:fall_one_cm":1380,"minecraft:fly_one_cm":5495},"minecraft:killed":{"minecraft:pig":1},"minecraft:picked_up":{"minecraft:wheat_seeds":1,"minecraft:porkchop":3,"minecraft:sand":1,"minecraft:dirt":21},"minecraft:mined":{"minecraft:grass":5,"minecraft:grass_block":6,"minecraft:sand":1,"minecraft:dirt":15,"minecraft:birch_leaves":3},"minecraft:used":{"minecraft:dirt":21}},"DataVersion":3465}