{"stats":{"minecraft:mined":{"minecraft:dark_oak_planks":44,"minecraft:spruce_planks":13,"minecraft:white_bed":18,"minecraft:jungle_leaves":16,"minecraft:red_nether_bricks":17,"minecraft:potted_crimson_fungus":1,"minecraft:brewing_stand":1,"minecraft:obsidian":3,"minecraft:granite":99,"minecraft:budding_amethyst":1,"minecraft:acacia_log":24,"minecraft:grass_block":138,"minecraft:jungle_log":1,"minecraft:spawner":25,"minecraft:smooth_stone":2,"minecraft:dark_oak_trapdoor":4,"minecraft:iron_ore":46,"minecraft:cobbled_deepslate":14,"minecraft:fire":35,"minecraft:anvil":1,"minecraft:deepslate_lapis_ore":15,"minecraft:pumpkin":4,"minecraft:granite_slab":1,"minecraft:fletching_table":6,"minecraft:stripped_dark_oak_wood":2,"minecraft:dark_oak_stairs":5,"minecraft:enchanting_table":3,"minecraft:twisting_vines":1,"minecraft:pointed_dripstone":60,"minecraft:dirt_path":2,"minecraft:oak_stairs":2,"morevillagers:blueprint_table":1,"minecraft:stripped_mangrove_wood":8,"minecraft:iron_block":2,"minecraft:player_head":2,"minecraft:deepslate_redstone_ore":24,"minecraft:sandstone_slab":75,"minecraft:cut_sandstone":30,"minecraft:cyan_terracotta":1,"minecraft:twisting_vines_plant":1,"minecraft:smoker":3,"minecraft:amethyst_cluster":5,"minecraft:orange_terracotta":5,"minecraft:torch":99,"minecraft:blast_furnace":2,"minecraft:calcite":14,"minecraft:chest":6,"minecraft:white_stained_glass_pane":1,"minecraft:nether_brick_slab":1,"minecraft:cobblestone":216,"minecraft:oak_planks":10,"minecraft:grindstone":1,"minecraft:smooth_sandstone_slab":1,"minecraft:light_blue_banner":1,"minecraft:wall_torch":53,"minecraft:amethyst_block":10,"minecraft:jungle_wood":3,"minecraft:blue_terracotta":2,"minecraft:dark_oak_slab":4,"minecraft:birch_trapdoor":3,"minecraft:stone_brick_stairs":1,"minecraft:grass":188,"minecraft:oak_log":132,"minecraft:sand":489,"minecraft:dirt":162,"minecraft:sandstone_wall":3,"minecraft:smooth_basalt":5,"minecraft:tripwire_hook":1,"minecraft:stonecutter":3,"minecraft:polished_deepslate_wall":1,"minecraft:oak_leaves":27,"minecraft:cyan_candle":1,"minecraft:deepslate":306,"minecraft:dark_prismarine":40,"minecraft:yellow_terracotta":7,"minecraft:crying_obsidian":1,"minecraft:tuff":14,"minecraft:mossy_cobblestone":1,"minecraft:dark_oak_leaves":1,"minecraft:deepslate_diamond_ore":19,"minecraft:dark_oak_log":12,"minecraft:cobbled_deepslate_slab":2,"morevillagers:gardening_table":1,"minecraft:jungle_planks":5,"minecraft:spruce_leaves":8,"minecraft:sandstone":641,"morevillagers:woodworking_table":1,"minecraft:hay_block":11,"minecraft:spore_blossom":2,"minecraft:diorite_slab":19,"minecraft:redstone_ore":3,"minecraft:waxed_oxidized_cut_copper":23,"minecraft:waxed_oxidized_cut_copper_slab":10,"minecraft:chiseled_sandstone":17,"minecraft:acacia_wood":1,"minecraft:suspicious_sand":1,"minecraft:andesite":52,"minecraft:gold_block":1,"minecraft:polished_deepslate":1,"minecraft:bookshelf":80,"minecraft:shroomlight":1,"minecraft:lime_wall_banner":1,"minecraft:deepslate_iron_ore":62,"minecraft:cobblestone_slab":14,"minecraft:vine":1,"minecraft:rail":36,"minecraft:lantern":1,"minecraft:bamboo_sapling":3,"minecraft:smooth_quartz_stairs":10,"minecraft:bamboo":59,"minecraft:stone":1128,"minecraft:bone_block":2,"minecraft:white_wool":4,"minecraft:smithing_table":1,"minecraft:acacia_leaves":11,"minecraft:glass_pane":1,"minecraft:stone_brick_slab":1,"minecraft:red_banner":1,"minecraft:oak_fence":8,"minecraft:crafting_table":9,"morevillagers:oceanography_table":2,"minecraft:andesite_slab":1,"minecraft:lectern":2,"minecraft:copper_ore":23,"minecraft:tall_grass":58,"minecraft:lapis_ore":4,"minecraft:deepslate_gold_ore":25,"minecraft:diorite":36,"minecraft:blue_bed":5,"minecraft:gray_wool":1,"minecraft:spruce_stairs":4,"minecraft:black_wall_banner":2,"minecraft:white_carpet":7,"minecraft:spruce_log":3,"minecraft:yellow_bed":1,"minecraft:mangrove_slab":2,"minecraft:coal_ore":87,"minecraft:cyan_carpet":1,"minecraft:gravel":39,"minecraft:dripstone_block":32,"minecraft:gray_carpet":13,"minecraft:cobweb":196,"minecraft:acacia_planks":11,"minecraft:stripped_acacia_wood":6,"minecraft:stone_bricks":3,"minecraft:gold_ore":11,"minecraft:fern":4},"minecraft:dropped":{"minecraft:iron_sword":3,"minecraft:stripped_mangrove_wood":9,"minecraft:diamond_axe":1,"minecraft:glass_bottle":6,"minecraft:spore_blossom":1,"minecraft:crossbow":1,"minecraft:sandstone_slab":1,"morevillagers:blueprint_table":1,"minecraft:scute":3,"minecraft:black_banner":1,"minecraft:flint":1,"minecraft:dirt":40,"minecraft:cut_sandstone":6,"minecraft:sand":192,"minecraft:iron_pickaxe":1,"minecraft:dark_oak_planks":31,"minecraft:mangrove_slab":4,"minecraft:blue_bed":3,"minecraft:bone":2,"minecraft:gravel":1,"usefulbackpacks:backpack_large":6,"minecraft:spyglass":1,"minecraft:iron_nugget":15,"minecraft:cobbled_deepslate":66,"minecraft:netherite_sword":1,"minecraft:wheat":10,"minecraft:pointed_dripstone":47,"minecraft:oak_planks":173,"minecraft:green_banner":1,"minecraft:sandstone_wall":2,"minecraft:chest":1,"minecraft:ladder":4,"morevillagers:woodworking_table":1,"minecraft:red_nether_bricks":2,"minecraft:egg":5,"minecraft:water_bucket":10,"minecraft:bread":3,"usefulbackpacks:backpack_medium":1,"minecraft:wheat_seeds":45,"minecraft:dripstone_block":3,"minecraft:yellow_terracotta":1,"minecraft:oak_fence":2,"minecraft:feather":2,"minecraft:cobblestone":217,"minecraft:book":2,"morevillagers:oceanography_table":2,"minecraft:granite":7,"minecraft:coal":22,"minecraft:golden_apple":31,"minecraft:stick":35,"minecraft:gray_wool":3,"minecraft:milk_bucket":2,"minecraft:diorite":15,"minecraft:brown_wool":1,"minecraft:map":6,"minecraft:potion":1,"minecraft:dried_kelp":6,"minecraft:oak_stairs":1,"minecraft:granite_slab":1,"minecraft:stonecutter":1,"minecraft:smooth_stone":2,"minecraft:string":8,"minecraft:gray_carpet":1,"minecraft:acacia_planks":24,"minecraft:redstone":48,"minecraft:player_head":1,"minecraft:tuff":1,"minecraft:white_carpet":5,"minecraft:totem_of_undying":1,"minecraft:pumpkin_seeds":3,"minecraft:filled_map":1,"minecraft:cobblestone_slab":49,"minecraft:potato":1,"minecraft:orange_terracotta":5,"minecraft:iron_chestplate":1,"minecraft:diamond_pickaxe":2,"minecraft:andesite":4,"minecraft:oak_sapling":4,"minecraft:waxed_oxidized_cut_copper":2,"minecraft:diamond_boots":2,"minecraft:sandstone":137,"minecraft:bow":1,"minecraft:stone_pickaxe":1,"minecraft:calcite":15},"minecraft:used":{"minecraft:iron_shovel":758,"minecraft:chest":10,"minecraft:shield":92,"minecraft:iron_sword":1059,"minecraft:bell":1,"minecraft:jungle_planks":19,"minecraft:honey_bottle":2,"minecraft:milk_bucket":2,"minecraft:lava_bucket":2,"minecraft:stone_bricks":2,"minecraft:golden_sword":31,"minecraft:bow":302,"minecraft:furnace":3,"minecraft:waxed_oxidized_cut_copper_slab":4,"minecraft:stone_pickaxe":1108,"minecraft:wooden_pickaxe":34,"minecraft:sandstone":143,"minecraft:diamond_axe":1898,"minecraft:white_wool":4,"minecraft:golden_apple":28,"minecraft:sand":145,"minecraft:blast_furnace":2,"minecraft:dripstone_block":18,"morevillagers:gardening_table":1,"minecraft:bread":103,"minecraft:cyan_carpet":1,"minecraft:gravel":21,"minecraft:grindstone":1,"minecraft:smithing_table":1,"minecraft:oak_boat":7,"minecraft:diorite_slab":8,"minecraft:experience_bottle":37,"minecraft:oak_fence":18,"minecraft:netherite_sword":95,"minecraft:stone_sword":44,"minecraft:enchanting_table":4,"minecraft:flint_and_steel":3,"minecraft:spruce_planks":1,"minecraft:torch":389,"minecraft:brewing_stand":1,"minecraft:dirt":309,"minecraft:spyglass":35,"minecraft:anvil":2,"minecraft:twisting_vines":1,"minecraft:granite":15,"minecraft:oak_fence_gate":1,"minecraft:birch_door":2,"minecraft:dark_oak_planks":16,"minecraft:wooden_axe":70,"minecraft:bookshelf":5,"minecraft:iron_axe":566,"minecraft:totem_of_undying":3,"minecraft:bamboo":73,"minecraft:acacia_planks":10,"minecraft:cooked_beef":6,"minecraft:cobbled_deepslate":140,"minecraft:enchanted_golden_apple":1,"minecraft:golden_axe":16,"minecraft:cooked_mutton":36,"minecraft:water_bucket":30,"minecraft:baked_potato":63,"minecraft:cartography_table":1,"minecraft:andesite_slab":4,"minecraft:waxed_oxidized_cut_copper":34,"minecraft:birch_boat":2,"minecraft:fletching_table":5,"minecraft:stonecutter":1,"minecraft:cobblestone_slab":41,"minecraft:crafting_table":10,"minecraft:white_bed":23,"minecraft:painting":1,"minecraft:smoker":3,"minecraft:dark_prismarine":13,"minecraft:diamond_pickaxe":1632,"minecraft:iron_pickaxe":622,"minecraft:stone_axe":157,"minecraft:cobblestone":809,"minecraft:potion":3,"minecraft:cobbled_deepslate_slab":2,"minecraft:cooked_porkchop":11,"minecraft:bucket":65,"minecraft:sandstone_slab":48},"minecraft:custom":{"minecraft:animals_bred":3,"minecraft:interact_with_crafting_table":146,"minecraft:open_barrel":75,"minecraft:leave_game":7,"minecraft:time_since_death":47961,"minecraft:damage_resisted":158,"minecraft:sprint_one_cm":2102597,"minecraft:damage_blocked_by_shield":3730,"minecraft:drop":206,"minecraft:talked_to_villager":141,"minecraft:play_time":1093116,"minecraft:deaths":25,"minecraft:jump":8768,"minecraft:interact_with_brewingstand":2,"minecraft:walk_on_water_one_cm":36508,"minecraft:enchant_item":13,"minecraft:interact_with_furnace":113,"minecraft:traded_with_villager":48,"minecraft:interact_with_cartography_table":4,"minecraft:interact_with_loom":3,"minecraft:sleep_in_bed":49,"minecraft:damage_dealt":103422,"minecraft:crouch_one_cm":101365,"minecraft:interact_with_smoker":23,"minecraft:inspect_dispenser":14,"minecraft:horse_one_cm":1450927,"minecraft:interact_with_smithing_table":10,"minecraft:interact_with_anvil":21,"minecraft:mob_kills":592,"minecraft:climb_one_cm":31511,"minecraft:walk_one_cm":2907169,"minecraft:raid_win":1,"minecraft:sneak_time":46136,"minecraft:walk_under_water_one_cm":39134,"minecraft:boat_one_cm":550145,"minecraft:interact_with_blast_furnace":50,"minecraft:total_world_time":1093116,"minecraft:tune_noteblock":39,"minecraft:raid_trigger":1,"minecraft:interact_with_stonecutter":1,"minecraft:interact_with_grindstone":9,"minecraft:time_since_rest":21784,"minecraft:damage_absorbed":1268,"minecraft:damage_taken":20455,"minecraft:swim_one_cm":12071,"minecraft:fly_one_cm":1436072,"minecraft:open_chest":570,"minecraft:fall_one_cm":185463},"minecraft:crafted":{"minecraft:oak_planks":540,"usefulbackpacks:backpack_small":8,"minecraft:bookshelf":10,"minecraft:cooked_mutton":43,"minecraft:glass":64,"minecraft:netherite_boots":1,"minecraft:bow":2,"minecraft:iron_boots":1,"minecraft:chest":5,"minecraft:oak_fence":42,"minecraft:emerald":27,"minecraft:arrow":336,"minecraft:cooked_porkchop":11,"minecraft:diamond_axe":4,"minecraft:crafting_table":3,"minecraft:spruce_planks":12,"minecraft:iron_helmet":2,"minecraft:wooden_pickaxe":1,"minecraft:fletching_table":1,"minecraft:cartography_table":1,"minecraft:iron_chestplate":1,"minecraft:diamond_pickaxe":2,"minecraft:shield":5,"minecraft:stick":840,"usefulbackpacks:backpack_large":8,"minecraft:iron_ingot":187,"minecraft:iron_pickaxe":4,"minecraft:iron_block":3,"minecraft:gold_ingot":18,"minecraft:shears":1,"minecraft:netherite_sword":1,"minecraft:spyglass":2,"minecraft:furnace":10,"minecraft:iron_axe":5,"minecraft:stone_pickaxe":11,"usefulbackpacks:backpack_medium":8,"minecraft:dark_oak_planks":48,"minecraft:wheat":99,"minecraft:cooked_beef":31,"minecraft:enchanting_table":1,"minecraft:iron_sword":4,"minecraft:bucket":41,"minecraft:stone_axe":2,"minecraft:jungle_planks":16,"minecraft:bread":12,"minecraft:air":0,"minecraft:oak_boat":1,"minecraft:oak_fence_gate":1,"minecraft:golden_apple":11,"minecraft:wooden_axe":1,"minecraft:iron_shovel":4,"minecraft:iron_leggings":1,"minecraft:anvil":1,"minecraft:white_bed":5,"minecraft:acacia_planks":88,"minecraft:torch":176},"minecraft:broken":{"minecraft:golden_helmet":1,"minecraft:iron_shovel":2,"minecraft:iron_boots":1,"minecraft:iron_chestplate":1,"minecraft:iron_leggings":2,"minecraft:stone_pickaxe":8,"minecraft:golden_sword":1,"minecraft:stone_axe":2,"minecraft:iron_sword":4,"minecraft:wooden_axe":2,"minecraft:golden_axe":1,"minecraft:diamond_axe":1,"minecraft:iron_axe":4,"minecraft:iron_pickaxe":1,"minecraft:iron_helmet":2},"minecraft:killed":{"minecraft:cave_spider":10,"minecraft:witch":5,"minecraft:spider":14,"minecraft:skeleton":39,"minecraft:chicken":2,"minecraft:pig":12,"minecraft:zombie_villager":1,"minecraft:creeper":5,"minecraft:sheep":57,"minecraft:trader_llama":2,"minecraft:pillager":53,"minecraft:zombie":203,"minecraft:cow":74,"minecraft:evoker":2,"minecraft:vex":10,"minecraft:vindicator":10,"minecraft:slime":9,"minecraft:phantom":2,"minecraft:husk":16,"minecraft:wandering_trader":1,"minecraft:hoglin":16,"minecraft:wither_skeleton":35,"minecraft:enderman":4},"minecraft:picked_up":{"minecraft:wooden_axe":2,"minecraft:iron_chestplate":1,"minecraft:birch_door":3,"minecraft:flower_pot":1,"minecraft:anvil":1,"minecraft:smithing_table":1,"minecraft:lead":6,"minecraft:oak_stairs":2,"minecraft:potion":3,"minecraft:stone_brick_stairs":1,"minecraft:brewing_stand":1,"minecraft:amethyst_block":6,"minecraft:polished_deepslate":1,"minecraft:string":213,"minecraft:dark_oak_trapdoor":3,"minecraft:raw_copper":76,"minecraft:cooked_salmon":1,"minecraft:red_nether_bricks":19,"minecraft:iron_leggings":1,"minecraft:shroomlight":1,"minecraft:sea_pickle":3,"minecraft:cobbled_deepslate":241,"minecraft:smooth_stone":2,"minecraft:bucket":1,"minecraft:spruce_planks":13,"minecraft:cobblestone_slab":77,"minecraft:calcite":22,"minecraft:iron_pickaxe":1,"minecraft:melon_slice":1,"minecraft:smooth_quartz_stairs":18,"minecraft:iron_boots":2,"minecraft:golden_helmet":1,"minecraft:stick":22,"minecraft:birch_trapdoor":3,"minecraft:oak_fence":14,"minecraft:torch":205,"minecraft:acacia_log":22,"minecraft:spruce_stairs":5,"minecraft:porkchop":87,"minecraft:sandstone_wall":2,"minecraft:pointed_dripstone":93,"minecraft:diorite":21,"minecraft:golden_chestplate":1,"minecraft:green_banner":1,"minecraft:stone_sword":1,"minecraft:rotten_flesh":257,"minecraft:iron_block":2,"minecraft:cyan_terracotta":3,"minecraft:obsidian":3,"minecraft:cobblestone":1562,"minecraft:enchanting_table":3,"minecraft:cooked_beef":2,"minecraft:feather":2,"minecraft:jungle_log":1,"minecraft:water_bucket":3,"minecraft:andesite":34,"minecraft:brown_wool":6,"minecraft:jungle_wood":3,"minecraft:smoker":3,"minecraft:potato":3,"minecraft:flint":9,"minecraft:tuff":4,"minecraft:gray_concrete":1,"minecraft:map":3,"minecraft:lapis_lazuli":122,"minecraft:mangrove_slab":4,"minecraft:dirt":383,"minecraft:twisting_vines":1,"minecraft:bone":82,"morevillagers:oceanography_table":2,"minecraft:acacia_planks":12,"minecraft:stonecutter":3,"minecraft:bow":4,"minecraft:wheat_seeds":61,"minecraft:raw_gold":36,"minecraft:cobbled_deepslate_slab":2,"minecraft:bell":1,"minecraft:grindstone":1,"minecraft:glowstone_dust":1,"minecraft:fletching_table":4,"minecraft:cyan_candle":3,"minecraft:bamboo":508,"minecraft:oak_planks":213,"minecraft:stripped_acacia_wood":8,"minecraft:jungle_planks":4,"minecraft:sand":489,"minecraft:granite_slab":1,"minecraft:dark_oak_log":10,"minecraft:orange_wool":1,"minecraft:dark_prismarine":40,"minecraft:diamond":19,"minecraft:crossbow":8,"minecraft:granite":97,"minecraft:golden_apple":64,"minecraft:emerald":38,"minecraft:oak_sapling":5,"morevillagers:blueprint_table":1,"minecraft:andesite_slab":4,"minecraft:diamond_pickaxe":1,"minecraft:waxed_oxidized_cut_copper":36,"minecraft:crafting_table":9,"minecraft:sandstone_slab":68,"minecraft:chicken":2,"minecraft:ladder":4,"minecraft:golden_pickaxe":1,"minecraft:diorite_slab":17,"minecraft:gold_block":1,"usefulbackpacks:backpack_medium":1,"morevillagers:woodworking_table":1,"minecraft:stone_stairs":1,"minecraft:iron_axe":2,"minecraft:white_carpet":5,"minecraft:cyan_carpet":3,"morevillagers:gardening_table":1,"minecraft:cartography_table":1,"minecraft:netherite_sword":2,"minecraft:beef":148,"minecraft:oak_boat":7,"minecraft:player_head":5,"minecraft:light_gray_wool":3,"minecraft:lectern":2,"minecraft:chest":6,"minecraft:phantom_membrane":2,"minecraft:egg":13,"minecraft:raw_iron":103,"minecraft:sandstone":401,"minecraft:stripped_mangrove_wood":9,"minecraft:stone_button":3,"minecraft:carrot":8,"minecraft:redstone":116,"minecraft:dark_oak_planks":49,"minecraft:arrow":100,"minecraft:hay_block":11,"minecraft:stripped_dark_oak_wood":2,"minecraft:yellow_terracotta":1,"minecraft:totem_of_undying":7,"minecraft:black_banner":3,"minecraft:mutton":91,"minecraft:bone_block":2,"minecraft:rail":42,"minecraft:white_wool":134,"minecraft:netherite_boots":1,"minecraft:glow_ink_sac":1,"minecraft:tripwire_hook":1,"minecraft:cut_sandstone":6,"minecraft:leather":96,"minecraft:acacia_wood":1,"minecraft:filled_map":2,"minecraft:crimson_fungus":1,"minecraft:oak_log":135,"minecraft:chainmail_chestplate":1,"minecraft:yellow_bed":1,"minecraft:gunpowder":11,"minecraft:blue_bed":3,"minecraft:white_banner":7,"minecraft:orange_terracotta":5,"minecraft:cooked_mutton":22,"minecraft:light_blue_banner":1,"minecraft:stone_bricks":3,"minecraft:apple":18,"minecraft:gray_carpet":8,"minecraft:spore_blossom":1,"minecraft:iron_ingot":1,"minecraft:stone_pickaxe":1,"minecraft:glass_bottle":3,"minecraft:iron_sword":3,"minecraft:oxidized_cut_copper":1,"minecraft:acacia_sapling":1,"minecraft:dark_oak_stairs":6,"minecraft:book":242,"minecraft:milk_bucket":1,"minecraft:smooth_basalt":5,"minecraft:dark_oak_slab":1,"minecraft:birch_boat":3,"minecraft:pumpkin":4,"minecraft:dripstone_block":21,"minecraft:gravel":42,"minecraft:amethyst_shard":20,"minecraft:red_banner":2,"minecraft:blast_furnace":2,"minecraft:white_bed":18,"minecraft:spruce_log":3,"minecraft:nether_brick_slab":1,"minecraft:spider_eye":8,"usefulbackpacks:backpack_large":2,"minecraft:lime_banner":1,"minecraft:iron_helmet":4,"minecraft:painting":1,"minecraft:gray_wool":5,"minecraft:waxed_oxidized_cut_copper_slab":9,"minecraft:baked_potato":63,"minecraft:black_wool":5,"minecraft:coal":114,"minecraft:ender_pearl":2},"minecraft:killed_by":{"minecraft:evoker":2,"minecraft:wither_skeleton":5,"minecraft:vindicator":5,"minecraft:zombie":1,"minecraft:vex":1,"minecraft:husk":2,"minecraft:player":2,"minecraft:hoglin":5,"minecraft:skeleton":1}},"DataVersion":3465}