{"stats":{"minecraft:mined":{"minecraft:dark_oak_planks":28,"minecraft:spruce_planks":4,"minecraft:white_bed":12,"minecraft:red_nether_bricks":17,"minecraft:potted_crimson_fungus":1,"minecraft:brewing_stand":1,"minecraft:obsidian":3,"minecraft:granite":85,"minecraft:budding_amethyst":1,"minecraft:acacia_log":24,"minecraft:grass_block":94,"minecraft:spawner":8,"minecraft:dark_oak_trapdoor":4,"minecraft:iron_ore":34,"minecraft:cobbled_deepslate":2,"minecraft:fire":30,"minecraft:pumpkin":4,"minecraft:anvil":1,"minecraft:fletching_table":6,"minecraft:deepslate_lapis_ore":6,"minecraft:stripped_dark_oak_wood":2,"minecraft:dark_oak_stairs":5,"minecraft:enchanting_table":3,"minecraft:twisting_vines":1,"minecraft:pointed_dripstone":48,"minecraft:dirt_path":2,"minecraft:oak_stairs":2,"minecraft:iron_block":2,"minecraft:stripped_mangrove_wood":8,"minecraft:player_head":1,"minecraft:deepslate_redstone_ore":9,"minecraft:twisting_vines_plant":1,"minecraft:smoker":3,"minecraft:amethyst_cluster":5,"minecraft:orange_terracotta":2,"minecraft:torch":10,"minecraft:blast_furnace":2,"minecraft:calcite":14,"minecraft:chest":5,"minecraft:white_stained_glass_pane":1,"minecraft:nether_brick_slab":1,"minecraft:cobblestone":202,"minecraft:oak_planks":3,"minecraft:light_blue_banner":1,"minecraft:wall_torch":8,"minecraft:amethyst_block":10,"minecraft:dark_oak_slab":4,"minecraft:birch_trapdoor":3,"minecraft:stone_brick_stairs":1,"minecraft:grass":150,"minecraft:oak_log":132,"minecraft:sand":96,"minecraft:dirt":118,"minecraft:smooth_basalt":5,"minecraft:tripwire_hook":1,"minecraft:stonecutter":3,"minecraft:polished_deepslate_wall":1,"minecraft:oak_leaves":26,"minecraft:cyan_candle":1,"minecraft:deepslate":244,"minecraft:yellow_terracotta":1,"minecraft:tuff":2,"minecraft:mossy_cobblestone":1,"minecraft:dark_oak_leaves":1,"minecraft:deepslate_diamond_ore":15,"minecraft:dark_oak_log":12,"morevillagers:gardening_table":1,"minecraft:spruce_leaves":8,"minecraft:sandstone":308,"minecraft:hay_block":11,"minecraft:spore_blossom":2,"minecraft:redstone_ore":1,"minecraft:waxed_oxidized_cut_copper":23,"minecraft:andesite":24,"minecraft:gold_block":1,"minecraft:polished_deepslate":1,"minecraft:bookshelf":80,"minecraft:lime_wall_banner":1,"minecraft:deepslate_iron_ore":27,"minecraft:rail":1,"minecraft:lantern":1,"minecraft:smooth_quartz_stairs":10,"minecraft:bamboo":59,"minecraft:stone":1004,"minecraft:white_wool":4,"minecraft:acacia_leaves":11,"minecraft:glass_pane":1,"minecraft:stone_brick_slab":1,"minecraft:red_banner":1,"minecraft:crafting_table":7,"minecraft:oak_fence":6,"minecraft:lectern":2,"minecraft:tall_grass":58,"minecraft:copper_ore":23,"minecraft:lapis_ore":4,"minecraft:deepslate_gold_ore":21,"minecraft:blue_bed":5,"minecraft:diorite":21,"minecraft:spruce_stairs":4,"minecraft:black_wall_banner":2,"minecraft:spruce_log":3,"minecraft:yellow_bed":1,"minecraft:mangrove_slab":2,"minecraft:coal_ore":68,"minecraft:gravel":35,"minecraft:cyan_carpet":1,"minecraft:dripstone_block":31,"minecraft:gray_carpet":13,"minecraft:cobweb":130,"minecraft:stone_bricks":3,"minecraft:gold_ore":11,"minecraft:fern":2},"minecraft:dropped":{"minecraft:iron_sword":3,"minecraft:diamond_axe":1,"minecraft:glass_bottle":6,"minecraft:spore_blossom":1,"minecraft:scute":3,"minecraft:flint":1,"minecraft:dirt":31,"minecraft:iron_pickaxe":1,"minecraft:dark_oak_planks":23,"minecraft:blue_bed":3,"minecraft:bone":1,"minecraft:gravel":1,"usefulbackpacks:backpack_large":5,"minecraft:spyglass":1,"minecraft:iron_nugget":15,"minecraft:cobbled_deepslate":2,"minecraft:wheat":10,"minecraft:pointed_dripstone":9,"minecraft:oak_planks":172,"minecraft:chest":1,"minecraft:ladder":4,"minecraft:red_nether_bricks":2,"minecraft:egg":4,"minecraft:bread":3,"usefulbackpacks:backpack_medium":1,"minecraft:wheat_seeds":30,"minecraft:dripstone_block":3,"minecraft:feather":2,"minecraft:cobblestone":8,"minecraft:book":2,"minecraft:coal":6,"minecraft:golden_apple":31,"minecraft:stick":2,"minecraft:milk_bucket":2,"minecraft:diorite":10,"minecraft:brown_wool":1,"minecraft:potion":1,"minecraft:oak_stairs":1,"minecraft:stonecutter":1,"minecraft:string":8,"minecraft:gray_carpet":1,"minecraft:player_head":1,"minecraft:totem_of_undying":1,"minecraft:filled_map":1,"minecraft:potato":1,"minecraft:andesite":4,"minecraft:oak_sapling":4,"minecraft:waxed_oxidized_cut_copper":2,"minecraft:stone_pickaxe":1},"minecraft:used":{"minecraft:iron_shovel":269,"minecraft:chest":9,"minecraft:shield":68,"minecraft:iron_sword":368,"minecraft:bell":1,"minecraft:milk_bucket":2,"minecraft:honey_bottle":2,"minecraft:stone_bricks":2,"minecraft:golden_sword":31,"minecraft:bow":174,"minecraft:furnace":2,"minecraft:stone_pickaxe":1108,"minecraft:wooden_pickaxe":34,"minecraft:sandstone":21,"minecraft:diamond_axe":1576,"minecraft:white_wool":4,"minecraft:golden_apple":3,"minecraft:blast_furnace":2,"morevillagers:gardening_table":1,"minecraft:bread":62,"minecraft:cyan_carpet":1,"minecraft:gravel":21,"minecraft:oak_boat":7,"minecraft:experience_bottle":2,"minecraft:oak_fence":18,"minecraft:enchanting_table":4,"minecraft:stone_sword":44,"minecraft:spruce_planks":1,"minecraft:torch":167,"minecraft:brewing_stand":1,"minecraft:dirt":135,"minecraft:spyglass":32,"minecraft:anvil":2,"minecraft:twisting_vines":1,"minecraft:oak_fence_gate":1,"minecraft:birch_door":2,"minecraft:wooden_axe":70,"minecraft:bookshelf":5,"minecraft:iron_axe":169,"minecraft:totem_of_undying":3,"minecraft:cooked_beef":6,"minecraft:cobbled_deepslate":39,"minecraft:golden_axe":16,"minecraft:cooked_mutton":36,"minecraft:water_bucket":2,"minecraft:baked_potato":37,"minecraft:waxed_oxidized_cut_copper":34,"minecraft:birch_boat":2,"minecraft:fletching_table":5,"minecraft:stonecutter":1,"minecraft:crafting_table":9,"minecraft:white_bed":16,"minecraft:painting":1,"minecraft:smoker":3,"minecraft:diamond_pickaxe":724,"minecraft:iron_pickaxe":503,"minecraft:stone_axe":157,"minecraft:cobblestone":666,"minecraft:potion":2,"minecraft:cooked_porkchop":11,"minecraft:bucket":2},"minecraft:custom":{"minecraft:animals_bred":1,"minecraft:interact_with_crafting_table":107,"minecraft:open_barrel":62,"minecraft:leave_game":4,"minecraft:time_since_death":199101,"minecraft:sprint_one_cm":1309694,"minecraft:damage_blocked_by_shield":2480,"minecraft:drop":113,"minecraft:talked_to_villager":125,"minecraft:play_time":649739,"minecraft:deaths":11,"minecraft:jump":5981,"minecraft:interact_with_brewingstand":2,"minecraft:walk_on_water_one_cm":22497,"minecraft:enchant_item":2,"minecraft:interact_with_furnace":73,"minecraft:traded_with_villager":48,"minecraft:sleep_in_bed":33,"minecraft:damage_dealt":59201,"minecraft:crouch_one_cm":43461,"minecraft:interact_with_smoker":19,"minecraft:horse_one_cm":1448959,"minecraft:interact_with_anvil":6,"minecraft:mob_kills":399,"minecraft:climb_one_cm":26121,"minecraft:walk_one_cm":2033491,"minecraft:raid_win":1,"minecraft:sneak_time":19560,"minecraft:walk_under_water_one_cm":18369,"minecraft:boat_one_cm":550145,"minecraft:interact_with_blast_furnace":21,"minecraft:total_world_time":649739,"minecraft:tune_noteblock":39,"minecraft:raid_trigger":1,"minecraft:interact_with_stonecutter":1,"minecraft:time_since_rest":12978,"minecraft:damage_taken":11748,"minecraft:damage_absorbed":160,"minecraft:swim_one_cm":8776,"minecraft:fly_one_cm":1049575,"minecraft:open_chest":308,"minecraft:fall_one_cm":117237},"minecraft:crafted":{"minecraft:oak_planks":540,"usefulbackpacks:backpack_small":6,"minecraft:bookshelf":10,"minecraft:cooked_mutton":43,"minecraft:bow":2,"minecraft:iron_boots":1,"minecraft:chest":5,"minecraft:oak_fence":42,"minecraft:arrow":336,"minecraft:emerald":27,"minecraft:cooked_porkchop":11,"minecraft:diamond_axe":4,"minecraft:crafting_table":2,"minecraft:spruce_planks":12,"minecraft:iron_helmet":2,"minecraft:wooden_pickaxe":1,"minecraft:fletching_table":1,"minecraft:iron_chestplate":1,"minecraft:diamond_pickaxe":1,"minecraft:shield":5,"minecraft:stick":812,"usefulbackpacks:backpack_large":6,"minecraft:iron_ingot":43,"minecraft:iron_pickaxe":4,"minecraft:iron_block":3,"minecraft:gold_ingot":11,"minecraft:shears":1,"minecraft:spyglass":2,"minecraft:furnace":2,"minecraft:iron_axe":2,"minecraft:stone_pickaxe":11,"usefulbackpacks:backpack_medium":6,"minecraft:dark_oak_planks":40,"minecraft:wheat":99,"minecraft:cooked_beef":31,"minecraft:enchanting_table":1,"minecraft:iron_sword":2,"minecraft:bucket":1,"minecraft:stone_axe":2,"minecraft:bread":12,"minecraft:air":0,"minecraft:oak_fence_gate":1,"minecraft:oak_boat":1,"minecraft:golden_apple":5,"minecraft:wooden_axe":1,"minecraft:iron_shovel":4,"minecraft:iron_leggings":1,"minecraft:anvil":1,"minecraft:white_bed":5,"minecraft:acacia_planks":88,"minecraft:torch":140},"minecraft:broken":{"minecraft:iron_shovel":1,"minecraft:iron_boots":1,"minecraft:iron_chestplate":1,"minecraft:iron_leggings":1,"minecraft:stone_pickaxe":8,"minecraft:golden_sword":1,"minecraft:stone_axe":2,"minecraft:iron_sword":2,"minecraft:wooden_axe":2,"minecraft:golden_axe":1,"minecraft:iron_axe":1,"minecraft:iron_pickaxe":1},"minecraft:killed":{"minecraft:cave_spider":10,"minecraft:witch":5,"minecraft:spider":11,"minecraft:skeleton":23,"minecraft:chicken":2,"minecraft:pig":12,"minecraft:creeper":3,"minecraft:sheep":57,"minecraft:trader_llama":2,"minecraft:pillager":53,"minecraft:zombie":99,"minecraft:cow":73,"minecraft:evoker":2,"minecraft:vex":10,"minecraft:vindicator":10,"minecraft:husk":15,"minecraft:wandering_trader":1,"minecraft:enderman":4},"minecraft:picked_up":{"minecraft:wooden_axe":2,"minecraft:birch_door":3,"minecraft:iron_chestplate":1,"minecraft:anvil":1,"minecraft:flower_pot":1,"minecraft:lead":6,"minecraft:oak_stairs":2,"minecraft:potion":3,"minecraft:stone_brick_stairs":1,"minecraft:brewing_stand":1,"minecraft:amethyst_block":6,"minecraft:polished_deepslate":1,"minecraft:string":152,"minecraft:dark_oak_trapdoor":3,"minecraft:raw_copper":76,"minecraft:cooked_salmon":1,"minecraft:red_nether_bricks":19,"minecraft:iron_leggings":1,"minecraft:sea_pickle":3,"minecraft:cobbled_deepslate":208,"minecraft:bucket":1,"minecraft:spruce_planks":4,"minecraft:calcite":22,"minecraft:iron_pickaxe":1,"minecraft:melon_slice":1,"minecraft:smooth_quartz_stairs":18,"minecraft:iron_boots":1,"minecraft:golden_helmet":1,"minecraft:stick":8,"minecraft:birch_trapdoor":3,"minecraft:oak_fence":6,"minecraft:acacia_log":22,"minecraft:torch":64,"minecraft:spruce_stairs":5,"minecraft:porkchop":24,"minecraft:pointed_dripstone":69,"minecraft:diorite":21,"minecraft:green_banner":1,"minecraft:stone_sword":1,"minecraft:rotten_flesh":174,"minecraft:iron_block":2,"minecraft:obsidian":3,"minecraft:cobblestone":1334,"minecraft:enchanting_table":3,"minecraft:feather":2,"minecraft:cooked_beef":2,"minecraft:andesite":11,"minecraft:brown_wool":6,"minecraft:potato":3,"minecraft:smoker":3,"minecraft:flint":8,"minecraft:tuff":2,"minecraft:lapis_lazuli":62,"minecraft:mangrove_slab":4,"minecraft:dirt":280,"minecraft:twisting_vines":1,"minecraft:bone":34,"minecraft:stonecutter":3,"minecraft:bow":4,"minecraft:wheat_seeds":56,"minecraft:raw_gold":32,"minecraft:bell":1,"minecraft:bamboo":505,"minecraft:cyan_candle":3,"minecraft:fletching_table":4,"minecraft:glowstone_dust":1,"minecraft:oak_planks":195,"minecraft:sand":122,"minecraft:dark_oak_log":10,"minecraft:diamond":15,"minecraft:crossbow":8,"minecraft:granite":82,"minecraft:golden_apple":53,"minecraft:emerald":38,"minecraft:oak_sapling":5,"minecraft:waxed_oxidized_cut_copper":36,"minecraft:crafting_table":7,"minecraft:chicken":2,"minecraft:ladder":4,"minecraft:golden_pickaxe":1,"minecraft:gold_block":1,"usefulbackpacks:backpack_medium":1,"minecraft:stone_stairs":1,"minecraft:iron_axe":2,"minecraft:cyan_carpet":3,"morevillagers:gardening_table":1,"minecraft:cartography_table":1,"minecraft:beef":145,"minecraft:oak_boat":7,"minecraft:player_head":1,"minecraft:light_gray_wool":3,"minecraft:lectern":2,"minecraft:chest":5,"minecraft:egg":12,"minecraft:sandstone":211,"minecraft:raw_iron":57,"minecraft:stripped_mangrove_wood":9,"minecraft:carrot":7,"minecraft:redstone":46,"minecraft:dark_oak_planks":26,"minecraft:arrow":85,"minecraft:hay_block":11,"minecraft:yellow_terracotta":1,"minecraft:stripped_dark_oak_wood":2,"minecraft:black_banner":3,"minecraft:totem_of_undying":7,"minecraft:mutton":91,"minecraft:rail":1,"minecraft:white_wool":134,"minecraft:tripwire_hook":1,"minecraft:glow_ink_sac":1,"minecraft:leather":85,"minecraft:filled_map":2,"minecraft:crimson_fungus":1,"minecraft:oak_log":135,"minecraft:yellow_bed":1,"minecraft:gunpowder":8,"minecraft:blue_bed":3,"minecraft:white_banner":7,"minecraft:orange_terracotta":2,"minecraft:cooked_mutton":22,"minecraft:light_blue_banner":1,"minecraft:stone_bricks":3,"minecraft:apple":18,"minecraft:gray_carpet":8,"minecraft:iron_ingot":1,"minecraft:spore_blossom":1,"minecraft:stone_pickaxe":1,"minecraft:glass_bottle":3,"minecraft:acacia_sapling":1,"minecraft:oxidized_cut_copper":1,"minecraft:iron_sword":3,"minecraft:dark_oak_stairs":6,"minecraft:book":242,"minecraft:birch_boat":3,"minecraft:milk_bucket":1,"minecraft:smooth_basalt":5,"minecraft:dark_oak_slab":1,"minecraft:pumpkin":4,"minecraft:dripstone_block":20,"minecraft:gravel":42,"minecraft:amethyst_shard":20,"minecraft:red_banner":2,"minecraft:blast_furnace":2,"minecraft:white_bed":12,"minecraft:spruce_log":3,"minecraft:nether_brick_slab":1,"usefulbackpacks:backpack_large":2,"minecraft:spider_eye":6,"minecraft:lime_banner":1,"minecraft:iron_helmet":1,"minecraft:painting":1,"minecraft:gray_wool":1,"minecraft:baked_potato":63,"minecraft:black_wool":5,"minecraft:coal":87,"minecraft:ender_pearl":2},"minecraft:killed_by":{"minecraft:evoker":2,"minecraft:vindicator":5,"minecraft:zombie":1,"minecraft:vex":1,"minecraft:player":2}},"DataVersion":3465}